"Model","N","N_numeric","Population","TPs","Mix","Mixing_proportion","Lambda","Total_Rows","Total_Violations","Percentage_Violations","Total_Errors","ErrorRate","Total_LL_Failures","LL_Failure_Perc","Total_True_Violations","True_Violation_Perc","Adjusted_Replications_Needed"
"Model 1","N = 500","500",".200",0.407,1,".10, .30, .60","0.3",500,221,44.2,175,35,2,0.4,317,63.4,2009
"Model 1","N = 500","500",".200",0.407,1,".10, .30, .60","0.5",500,239,47.8,130,26,4,0.8,307,61.4,1867
"Model 1","N = 500","500",".200",0.407,1,".10, .30, .60","0.7",500,247,49.4,147,29.4,2,0.4,319,63.8,2040
"Model 1","N = 500","500",".200",0.407,1,".10, .30, .60","0.9",498,260,52.2,166,33.3,4,0.8,342,68.7,2509
"Model 1","N = 500","500",".200",0.407,1,".10, .30, .60","A",500,242,48.4,176,35.2,6,1.2,346,69.2,2581
"Model 1","N = 500","500",".200",0.407,1,".10, .30, .60","B",500,266,53.2,280,56,2,0.4,394,78.8,4957
"Model 1","N = 500","500",".200",0.407,1,".10, .30, .60","C",500,275,55,319,63.8,6,1.2,416,83.2,8676
"Model 1","N = 500","500",".200",0.407,1,".10, .30, .60","D",500,283,56.6,306,61.2,4,0.8,418,83.6,9315
"Model 1","N = 500","500",".200",0.407,2,".33, .33, .33","0.3",500,248,49.6,85,17,6,1.2,287,57.4,1638
"Model 1","N = 500","500",".200",0.407,2,".33, .33, .33","0.5",500,243,48.6,96,19.2,0,0,290,58,1668
"Model 1","N = 500","500",".200",0.407,2,".33, .33, .33","0.7",499,265,53.1,84,16.8,2,0.4,301,60.3,1794
"Model 1","N = 500","500",".200",0.407,2,".33, .33, .33","0.9",498,238,47.8,102,20.5,1,0.2,284,57,1612
"Model 1","N = 500","500",".200",0.407,2,".33, .33, .33","A",500,248,49.6,123,24.6,6,1.2,314,62.8,1964
"Model 1","N = 500","500",".200",0.407,2,".33, .33, .33","B",499,294,58.9,249,49.9,4,0.8,399,80,5600
"Model 1","N = 500","500",".200",0.407,2,".33, .33, .33","C",500,315,63,282,56.4,4,0.8,420,84,10055
"Model 1","N = 500","500",".200",0.407,2,".33, .33, .33","D",500,337,67.4,298,59.6,6,1.2,439,87.8,41722
"Model 1","N = 500","500",".200",0.407,3,".60, .30, .10","0.3",500,227,45.4,133,26.6,4,0.8,293,58.6,1700
"Model 1","N = 500","500",".200",0.407,3,".60, .30, .10","0.5",497,224,45.1,139,28,4,0.8,300,60.4,1793
"Model 1","N = 500","500",".200",0.407,3,".60, .30, .10","0.7",496,242,48.8,142,28.6,5,1,319,64.3,2064
"Model 1","N = 500","500",".200",0.407,3,".60, .30, .10","0.9",487,228,46.8,135,27.7,2,0.4,299,61.4,1820
"Model 1","N = 500","500",".200",0.407,3,".60, .30, .10","A",497,228,45.9,147,29.6,3,0.6,308,62,1896
"Model 1","N = 500","500",".200",0.407,3,".60, .30, .10","B",497,268,53.9,288,57.9,5,1,396,79.7,5400
"Model 1","N = 500","500",".200",0.407,3,".60, .30, .10","C",497,263,52.9,327,65.8,1,0.2,413,83.1,8479
"Model 1","N = 500","500",".200",0.407,3,".60, .30, .10","D",498,276,55.4,337,67.7,0,0,416,83.5,9110
"Model 2","N = 500","500",".200",0.407,1,".10, .30, .60","0.3",500,9,1.8,27,5.4,1,0.2,37,7.4,668
"Model 2","N = 500","500",".200",0.407,1,".10, .30, .60","0.5",499,16,3.2,21,4.2,2,0.4,39,7.8,670
"Model 2","N = 500","500",".200",0.407,1,".10, .30, .60","0.7",497,23,4.6,20,4,3,0.6,46,9.3,679
"Model 2","N = 500","500",".200",0.407,1,".10, .30, .60","0.9",500,36,7.2,26,5.2,5,1,65,13,713
"Model 2","N = 500","500",".200",0.407,1,".10, .30, .60","A",500,20,4,24,4.8,1,0.2,44,8.8,679
"Model 2","N = 500","500",".200",0.407,1,".10, .30, .60","B",500,30,6,15,3,4,0.8,47,9.4,684
"Model 2","N = 500","500",".200",0.407,1,".10, .30, .60","C",500,33,6.6,20,4,3,0.6,55,11,697
"Model 2","N = 500","500",".200",0.407,1,".10, .30, .60","D",500,43,8.6,27,5.4,2,0.4,66,13.2,715
"Model 2","N = 500","500",".200",0.407,2,".33, .33, .33","0.3",499,32,6.4,19,3.8,5,1,56,11.2,697
"Model 2","N = 500","500",".200",0.407,2,".33, .33, .33","0.5",499,41,8.2,36,7.2,1,0.2,78,15.6,735
"Model 2","N = 500","500",".200",0.407,2,".33, .33, .33","0.7",499,44,8.8,24,4.8,5,1,69,13.8,719
"Model 2","N = 500","500",".200",0.407,2,".33, .33, .33","0.9",499,72,14.4,12,2.4,5,1,86,17.2,750
"Model 2","N = 500","500",".200",0.407,2,".33, .33, .33","A",500,35,7,26,5.2,2,0.4,63,12.6,710
"Model 2","N = 500","500",".200",0.407,2,".33, .33, .33","B",499,45,9,19,3.8,4,0.8,67,13.4,716
"Model 2","N = 500","500",".200",0.407,2,".33, .33, .33","C",500,68,13.6,14,2.8,5,1,84,16.8,748
"Model 2","N = 500","500",".200",0.407,2,".33, .33, .33","D",499,67,13.4,17,3.4,2,0.4,84,16.8,747
"Model 2","N = 500","500",".200",0.407,3,".60, .30, .10","0.3",497,55,11.1,20,4,4,0.8,78,15.7,734
"Model 2","N = 500","500",".200",0.407,3,".60, .30, .10","0.5",496,57,11.5,18,3.6,1,0.2,75,15.1,727
"Model 2","N = 500","500",".200",0.407,3,".60, .30, .10","0.7",498,62,12.4,16,3.2,3,0.6,77,15.5,733
"Model 2","N = 500","500",".200",0.407,3,".60, .30, .10","0.9",498,75,15.1,10,2,3,0.6,88,17.7,754
"Model 2","N = 500","500",".200",0.407,3,".60, .30, .10","A",498,49,9.8,18,3.6,5,1,70,14.1,720
"Model 2","N = 500","500",".200",0.407,3,".60, .30, .10","B",494,69,14,9,1.8,1,0.2,74,15,723
"Model 2","N = 500","500",".200",0.407,3,".60, .30, .10","C",496,70,14.1,15,3,1,0.2,83,16.7,742
"Model 2","N = 500","500",".200",0.407,3,".60, .30, .10","D",496,49,9.9,13,2.6,3,0.6,64,12.9,707
"Model 3","N = 500","500",".200",0.407,1,".10, .30, .60","0.3",500,98,19.6,58,11.6,2,0.4,143,28.6,883
"Model 3","N = 500","500",".200",0.407,1,".10, .30, .60","0.5",500,109,21.8,30,6,2,0.4,126,25.2,839
"Model 3","N = 500","500",".200",0.407,1,".10, .30, .60","0.7",498,124,24.9,31,6.2,2,0.4,150,30.1,901
"Model 3","N = 500","500",".200",0.407,1,".10, .30, .60","0.9",500,184,36.8,13,2.6,2,0.4,193,38.6,1048
"Model 3","N = 500","500",".200",0.407,1,".10, .30, .60","A",500,78,15.6,42,8.4,2,0.4,111,22.2,804
"Model 3","N = 500","500",".200",0.407,1,".10, .30, .60","B",500,165,33,176,35.2,6,1.2,246,49.2,1312
"Model 3","N = 500","500",".200",0.407,1,".10, .30, .60","C",499,255,51.1,310,62.1,9,1.8,397,79.6,5364
"Model 3","N = 500","500",".200",0.407,1,".10, .30, .60","D",499,280,56.1,342,68.5,6,1.2,432,86.6,20847
"Model 3","N = 500","500",".200",0.407,2,".33, .33, .33","0.3",500,134,26.8,12,2.4,0,0,146,29.2,892
"Model 3","N = 500","500",".200",0.407,2,".33, .33, .33","0.5",498,149,29.9,20,4,3,0.6,164,32.9,943
"Model 3","N = 500","500",".200",0.407,2,".33, .33, .33","0.7",500,129,25.8,18,3.6,0,0,143,28.6,883
"Model 3","N = 500","500",".200",0.407,2,".33, .33, .33","0.9",500,181,36.2,12,2.4,2,0.4,187,37.4,1024
"Model 3","N = 500","500",".200",0.407,2,".33, .33, .33","A",499,149,29.9,7,1.4,0,0,153,30.7,911
"Model 3","N = 500","500",".200",0.407,2,".33, .33, .33","B",500,151,30.2,20,4,1,0.2,162,32.4,939
"Model 3","N = 500","500",".200",0.407,2,".33, .33, .33","C",499,221,44.3,121,24.2,3,0.6,283,56.7,1600
"Model 3","N = 500","500",".200",0.407,2,".33, .33, .33","D",499,275,55.1,182,36.5,3,0.6,345,69.1,2563
"Model 3","N = 500","500",".200",0.407,3,".60, .30, .10","0.3",499,118,23.6,6,1.2,0,0,123,24.6,830
"Model 3","N = 500","500",".200",0.407,3,".60, .30, .10","0.5",499,110,22,8,1.6,1,0.2,117,23.4,816
"Model 3","N = 500","500",".200",0.407,3,".60, .30, .10","0.7",498,134,26.9,14,2.8,0,0,143,28.7,881
"Model 3","N = 500","500",".200",0.407,3,".60, .30, .10","0.9",497,144,29,11,2.2,0,0,148,29.8,895
"Model 3","N = 500","500",".200",0.407,3,".60, .30, .10","A",497,121,24.3,14,2.8,0,0,132,26.6,852
"Model 3","N = 500","500",".200",0.407,3,".60, .30, .10","B",498,102,20.5,2,0.4,1,0.2,104,20.9,787
"Model 3","N = 500","500",".200",0.407,3,".60, .30, .10","C",499,141,28.3,34,6.8,2,0.4,162,32.5,939
"Model 3","N = 500","500",".200",0.407,3,".60, .30, .10","D",495,203,41,79,16,2,0.4,246,49.7,1315
"Model 1","N = 500","500",".800",3.179,1,".10, .30, .60","0.3",499,223,44.7,200,40.1,2,0.4,339,67.9,2420
"Model 1","N = 500","500",".800",3.179,1,".10, .30, .60","0.5",498,253,50.8,190,38.2,5,1,345,69.3,2583
"Model 1","N = 500","500",".800",3.179,1,".10, .30, .60","0.7",499,257,51.5,203,40.7,6,1.2,356,71.3,2875
"Model 1","N = 500","500",".800",3.179,1,".10, .30, .60","0.9",499,274,54.9,217,43.5,1,0.2,370,74.1,3404
"Model 1","N = 500","500",".800",3.179,1,".10, .30, .60","A",499,254,50.9,229,45.9,5,1,373,74.7,3545
"Model 1","N = 500","500",".800",3.179,1,".10, .30, .60","B",498,295,59.2,295,59.2,6,1.2,410,82.3,7488
"Model 1","N = 500","500",".800",3.179,1,".10, .30, .60","C",500,281,56.2,344,68.8,2,0.4,435,87,25055
"Model 1","N = 500","500",".800",3.179,1,".10, .30, .60","D",499,310,62.1,336,67.3,2,0.4,440,88.2,62430
"Model 1","N = 500","500",".800",3.179,2,".33, .33, .33","0.3",500,280,56,133,26.6,4,0.8,339,67.8,2414
"Model 1","N = 500","500",".800",3.179,2,".33, .33, .33","0.5",500,295,59,133,26.6,6,1.2,354,70.8,2803
"Model 1","N = 500","500",".800",3.179,2,".33, .33, .33","0.7",499,295,59.1,142,28.5,4,0.8,363,72.7,3117
"Model 1","N = 500","500",".800",3.179,2,".33, .33, .33","0.9",497,316,63.6,156,31.4,3,0.6,371,74.6,3507
"Model 1","N = 500","500",".800",3.179,2,".33, .33, .33","A",499,298,59.7,149,29.9,6,1.2,361,72.3,3044
"Model 1","N = 500","500",".800",3.179,2,".33, .33, .33","B",499,321,64.3,292,58.5,0,0,417,83.6,9296
"Model 1","N = 500","500",".800",3.179,2,".33, .33, .33","C",500,351,70.2,321,64.2,5,1,439,87.8,41722
"Model 1","N = 500","500",".800",3.179,2,".33, .33, .33","D",500,353,70.6,333,66.6,5,1,451,90.2,500
"Model 1","N = 500","500",".800",3.179,3,".60, .30, .10","0.3",499,226,45.3,215,43.1,6,1.2,340,68.1,2443
"Model 1","N = 500","500",".800",3.179,3,".60, .30, .10","0.5",499,263,52.7,189,37.9,3,0.6,347,69.5,2614
"Model 1","N = 500","500",".800",3.179,3,".60, .30, .10","0.7",496,242,48.8,215,43.3,2,0.4,346,69.8,2639
"Model 1","N = 500","500",".800",3.179,3,".60, .30, .10","0.9",499,285,57.1,209,41.9,4,0.8,361,72.3,3044
"Model 1","N = 500","500",".800",3.179,3,".60, .30, .10","A",496,239,48.2,210,42.3,4,0.8,344,69.4,2586
"Model 1","N = 500","500",".800",3.179,3,".60, .30, .10","B",499,303,60.7,290,58.1,3,0.6,421,84.4,10903
"Model 1","N = 500","500",".800",3.179,3,".60, .30, .10","C",498,286,57.4,333,66.9,2,0.4,424,85.1,12825
"Model 1","N = 500","500",".800",3.179,3,".60, .30, .10","D",498,285,57.2,330,66.3,3,0.6,423,84.9,12202
"Model 2","N = 500","500",".800",3.179,1,".10, .30, .60","0.3",495,32,6.5,62,12.5,3,0.6,97,19.6,769
"Model 2","N = 500","500",".800",3.179,1,".10, .30, .60","0.5",496,30,6,55,11.1,1,0.2,83,16.7,742
"Model 2","N = 500","500",".800",3.179,1,".10, .30, .60","0.7",497,51,10.3,61,12.3,4,0.8,107,21.5,792
"Model 2","N = 500","500",".800",3.179,1,".10, .30, .60","0.9",499,67,13.4,63,12.6,1,0.2,126,25.3,839
"Model 2","N = 500","500",".800",3.179,1,".10, .30, .60","A",497,34,6.8,64,12.9,2,0.4,95,19.1,767
"Model 2","N = 500","500",".800",3.179,1,".10, .30, .60","B",499,49,9.8,53,10.6,4,0.8,99,19.8,777
"Model 2","N = 500","500",".800",3.179,1,".10, .30, .60","C",497,35,7,59,11.9,1,0.2,92,18.5,760
"Model 2","N = 500","500",".800",3.179,1,".10, .30, .60","D",495,29,5.9,59,11.9,4,0.8,90,18.2,755
"Model 2","N = 500","500",".800",3.179,2,".33, .33, .33","0.3",499,79,15.8,9,1.8,2,0.4,88,17.6,754
"Model 2","N = 500","500",".800",3.179,2,".33, .33, .33","0.5",499,106,21.2,4,0.8,6,1.2,112,22.4,805
"Model 2","N = 500","500",".800",3.179,2,".33, .33, .33","0.7",497,102,20.5,2,0.4,5,1,107,21.5,792
"Model 2","N = 500","500",".800",3.179,2,".33, .33, .33","0.9",499,127,25.5,4,0.8,0,0,130,26.1,849
"Model 2","N = 500","500",".800",3.179,2,".33, .33, .33","A",498,78,15.7,6,1.2,3,0.6,85,17.1,748
"Model 2","N = 500","500",".800",3.179,2,".33, .33, .33","B",70,18,25.7,0,0,0,0,18,25.7,166
"Model 2","N = 500","500",".800",3.179,2,".33, .33, .33","C",498,93,18.7,3,0.6,1,0.2,97,19.5,772
"Model 2","N = 500","500",".800",3.179,2,".33, .33, .33","D",499,73,14.6,6,1.2,4,0.8,82,16.4,743
"Model 2","N = 500","500",".800",3.179,3,".60, .30, .10","0.3",499,52,10.4,30,6,4,0.8,82,16.4,743
"Model 2","N = 500","500",".800",3.179,3,".60, .30, .10","0.5",496,78,15.7,21,4.2,3,0.6,100,20.2,776
"Model 2","N = 500","500",".800",3.179,3,".60, .30, .10","0.7",497,81,16.3,7,1.4,4,0.8,91,18.3,758
"Model 2","N = 500","500",".800",3.179,3,".60, .30, .10","0.9",498,103,20.7,5,1,2,0.4,109,21.9,798
"Model 2","N = 500","500",".800",3.179,3,".60, .30, .10","A",498,56,11.2,33,6.6,3,0.6,88,17.7,754
"Model 2","N = 500","500",".800",3.179,3,".60, .30, .10","B",499,64,12.8,23,4.6,1,0.2,87,17.4,752
"Model 2","N = 500","500",".800",3.179,3,".60, .30, .10","C",497,70,14.1,18,3.6,3,0.6,88,17.7,753
"Model 2","N = 500","500",".800",3.179,3,".60, .30, .10","D",498,65,13.1,26,5.2,1,0.2,86,17.3,750
"Model 3","N = 500","500",".800",3.179,1,".10, .30, .60","0.3",500,102,20.4,102,20.4,1,0.2,183,36.6,1010
"Model 3","N = 500","500",".800",3.179,1,".10, .30, .60","0.5",500,105,21,88,17.6,1,0.2,170,34,965
"Model 3","N = 500","500",".800",3.179,1,".10, .30, .60","0.7",500,134,26.8,61,12.2,0,0,183,36.6,1010
"Model 3","N = 500","500",".800",3.179,1,".10, .30, .60","0.9",499,171,34.3,45,9,1,0.2,195,39.1,1055
"Model 3","N = 500","500",".800",3.179,1,".10, .30, .60","A",500,108,21.6,95,19,2,0.4,180,36,999
"Model 3","N = 500","500",".800",3.179,1,".10, .30, .60","B",500,133,26.6,133,26.6,5,1,216,43.2,1147
"Model 3","N = 500","500",".800",3.179,1,".10, .30, .60","C",500,237,47.4,284,56.8,7,1.4,377,75.4,3732
"Model 3","N = 500","500",".800",3.179,1,".10, .30, .60","D",498,290,58.2,328,65.9,13,2.6,436,87.6,35627
"Model 3","N = 500","500",".800",3.179,2,".33, .33, .33","0.3",500,182,36.4,9,1.8,3,0.6,191,38.2,1040
"Model 3","N = 500","500",".800",3.179,2,".33, .33, .33","0.5",499,158,31.7,17,3.4,0,0,167,33.5,955
"Model 3","N = 500","500",".800",3.179,2,".33, .33, .33","0.7",500,171,34.2,18,3.6,0,0,185,37,1017
"Model 3","N = 500","500",".800",3.179,2,".33, .33, .33","0.9",500,180,36,19,3.8,0,0,192,38.4,1044
"Model 3","N = 500","500",".800",3.179,2,".33, .33, .33","A",500,143,28.6,17,3.4,0,0,152,30.4,909
"Model 3","N = 500","500",".800",3.179,2,".33, .33, .33","B",500,165,33,25,5,1,0.2,181,36.2,1002
"Model 3","N = 500","500",".800",3.179,2,".33, .33, .33","C",498,163,32.7,83,16.7,0,0,224,45,1187
"Model 3","N = 500","500",".800",3.179,2,".33, .33, .33","D",498,219,44,163,32.7,5,1,307,61.6,1873
"Model 3","N = 500","500",".800",3.179,3,".60, .30, .10","0.3",499,112,22.4,16,3.2,1,0.2,123,24.6,830
"Model 3","N = 500","500",".800",3.179,3,".60, .30, .10","0.5",499,123,24.6,15,3,1,0.2,134,26.9,859
"Model 3","N = 500","500",".800",3.179,3,".60, .30, .10","0.7",500,133,26.6,17,3.4,2,0.4,142,28.4,881
"Model 3","N = 500","500",".800",3.179,3,".60, .30, .10","0.9",499,139,27.9,30,6,0,0,162,32.5,939
"Model 3","N = 500","500",".800",3.179,3,".60, .30, .10","A",497,119,23.9,14,2.8,2,0.4,131,26.4,849
"Model 3","N = 500","500",".800",3.179,3,".60, .30, .10","B",499,113,22.6,16,3.2,0,0,122,24.4,828
"Model 3","N = 500","500",".800",3.179,3,".60, .30, .10","C",497,128,25.8,65,13.1,0,0,175,35.2,979
"Model 3","N = 500","500",".800",3.179,3,".60, .30, .10","D",497,231,46.5,140,28.2,1,0.2,308,62,1896
"Model 1","N = 1000","1000",".200",0.407,1,".10, .30, .60","0.3",499,460,92.2,230,46.1,14,2.8,476,95.4,499
"Model 1","N = 1000","1000",".200",0.407,1,".10, .30, .60","0.5",500,430,86,237,47.4,20,4,471,94.2,500
"Model 1","N = 1000","1000",".200",0.407,1,".10, .30, .60","0.7",499,387,77.6,260,52.1,21,4.2,440,88.2,62430
"Model 1","N = 1000","1000",".200",0.407,1,".10, .30, .60","0.9",389,301,77.4,0,0,0,0,301,77.4,3409
"Model 1","N = 1000","1000",".200",0.407,1,".10, .30, .60","A",500,236,47.2,63,12.6,6,1.2,280,56,1571
"Model 1","N = 1000","1000",".200",0.407,1,".10, .30, .60","B",500,279,55.8,240,48,3,0.6,380,76,3902
"Model 1","N = 1000","1000",".200",0.407,1,".10, .30, .60","C",499,297,59.5,305,61.1,4,0.8,412,82.6,7852
"Model 1","N = 1000","1000",".200",0.407,1,".10, .30, .60","D",500,320,64,301,60.2,3,0.6,432,86.4,19286
"Model 1","N = 1000","1000",".200",0.407,2,".33, .33, .33","0.3",499,448,89.8,222,44.5,19,3.8,467,93.6,499
"Model 1","N = 1000","1000",".200",0.407,2,".33, .33, .33","0.5",500,424,84.8,232,46.4,23,4.6,461,92.2,500
"Model 1","N = 1000","1000",".200",0.407,2,".33, .33, .33","0.7",500,400,80,270,54,14,2.8,450,90,500
"Model 1","N = 1000","1000",".200",0.407,2,".33, .33, .33","0.9",500,368,73.6,278,55.6,14,2.8,448,89.6,500
"Model 1","N = 1000","1000",".200",0.407,2,".33, .33, .33","A",500,254,50.8,53,10.6,10,2,286,57.2,1628
"Model 1","N = 1000","1000",".200",0.407,2,".33, .33, .33","B",498,283,56.8,246,49.4,6,1.2,385,77.3,4312
"Model 1","N = 1000","1000",".200",0.407,2,".33, .33, .33","C",499,319,63.9,287,57.5,2,0.4,422,84.6,11396
"Model 1","N = 1000","1000",".200",0.407,2,".33, .33, .33","D",500,354,70.8,305,61,5,1,439,87.8,41722
"Model 1","N = 1000","1000",".200",0.407,3,".60, .30, .10","0.3",496,465,93.8,131,26.4,8,1.6,474,95.6,496
"Model 1","N = 1000","1000",".200",0.407,3,".60, .30, .10","0.5",497,437,87.9,152,30.6,11,2.2,451,90.7,497
"Model 1","N = 1000","1000",".200",0.407,3,".60, .30, .10","0.7",496,387,78,178,35.9,9,1.8,426,85.9,16056
"Model 1","N = 1000","1000",".200",0.407,3,".60, .30, .10","0.9",492,294,59.8,185,37.6,7,1.4,372,75.6,3727
"Model 1","N = 1000","1000",".200",0.407,3,".60, .30, .10","A",499,216,43.3,91,18.2,4,0.8,269,53.9,1477
"Model 1","N = 1000","1000",".200",0.407,3,".60, .30, .10","B",498,247,49.6,279,56,6,1.2,380,76.3,3977
"Model 1","N = 1000","1000",".200",0.407,3,".60, .30, .10","C",500,259,51.8,339,67.8,1,0.2,420,84,10055
"Model 1","N = 1000","1000",".200",0.407,3,".60, .30, .10","D",500,310,62,377,75.4,0,0,441,88.2,62555
"Model 1","N = 1000","1000",".200",0.407,1,".10, .30, .60","A",500,442,88.4,97,19.4,52,10.4,457,91.4,500
"Model 1","N = 1000","1000",".200",0.407,2,".33, .33, .33","A",500,410,82,37,7.4,75,15,435,87,25055
"Model 1","N = 1000","1000",".200",0.407,3,".60, .30, .10","A",498,431,86.5,113,22.7,72,14.5,451,90.6,498
"Model 1","N = 1000","1000",".200",0.407,1,".10, .30, .60","B",500,476,95.2,47,9.4,20,4,479,95.8,500
"Model 1","N = 1000","1000",".200",0.407,2,".33, .33, .33","B",500,445,89,37,7.4,42,8.4,455,91,500
"Model 1","N = 1000","1000",".200",0.407,3,".60, .30, .10","B",496,462,93.1,87,17.5,84,16.9,476,96,496
"Model 1","N = 1000","1000",".200",0.407,1,".10, .30, .60","C",500,478,95.6,76,15.2,25,5,481,96.2,500
"Model 1","N = 1000","1000",".200",0.407,2,".33, .33, .33","C",499,455,91.2,35,7,85,17,472,94.6,499
"Model 1","N = 1000","1000",".200",0.407,3,".60, .30, .10","C",497,463,93.2,79,15.9,87,17.5,474,95.4,497
"Model 1","N = 1000","1000",".200",0.407,1,".10, .30, .60","D",500,480,96,67,13.4,41,8.2,486,97.2,500
"Model 1","N = 1000","1000",".200",0.407,2,".33, .33, .33","D",500,443,88.6,24,4.8,104,20.8,461,92.2,500
"Model 1","N = 1000","1000",".200",0.407,3,".60, .30, .10","D",497,466,93.8,95,19.1,107,21.5,480,96.6,497
"Model 2","N = 1000","1000",".200",0.407,1,".10, .30, .60","0.3",500,498,99.6,178,35.6,33,6.6,499,99.8,500
"Model 2","N = 1000","1000",".200",0.407,1,".10, .30, .60","0.5",498,489,98.2,202,40.6,27,5.4,493,99,498
"Model 2","N = 1000","1000",".200",0.407,1,".10, .30, .60","0.7",500,490,98,199,39.8,24,4.8,494,98.8,500
"Model 2","N = 1000","1000",".200",0.407,1,".10, .30, .60","0.9",499,486,97.4,174,34.9,18,3.6,489,98,499
"Model 2","N = 1000","1000",".200",0.407,1,".10, .30, .60","A",499,4,0.8,4,0.8,4,0.8,12,2.4,632
"Model 2","N = 1000","1000",".200",0.407,1,".10, .30, .60","B",500,10,2,4,0.8,3,0.6,17,3.4,640
"Model 2","N = 1000","1000",".200",0.407,1,".10, .30, .60","C",500,16,3.2,3,0.6,1,0.2,20,4,644
"Model 2","N = 1000","1000",".200",0.407,1,".10, .30, .60","D",499,18,3.6,4,0.8,3,0.6,24,4.8,648
"Model 2","N = 1000","1000",".200",0.407,2,".33, .33, .33","0.3",500,487,97.4,181,36.2,55,11,490,98,500
"Model 2","N = 1000","1000",".200",0.407,2,".33, .33, .33","0.5",499,488,97.8,195,39.1,48,9.6,493,98.8,499
"Model 2","N = 1000","1000",".200",0.407,2,".33, .33, .33","0.7",499,488,97.8,190,38.1,26,5.2,490,98.2,499
"Model 2","N = 1000","1000",".200",0.407,2,".33, .33, .33","0.9",497,479,96.4,174,35,25,5,486,97.8,497
"Model 2","N = 1000","1000",".200",0.407,2,".33, .33, .33","A",500,31,6.2,5,1,2,0.4,37,7.4,668
"Model 2","N = 1000","1000",".200",0.407,2,".33, .33, .33","B",499,41,8.2,3,0.6,3,0.6,46,9.2,681
"Model 2","N = 1000","1000",".200",0.407,2,".33, .33, .33","C",500,43,8.6,3,0.6,1,0.2,47,9.4,684
"Model 2","N = 1000","1000",".200",0.407,2,".33, .33, .33","D",499,48,9.6,2,0.4,2,0.4,51,10.2,689
"Model 2","N = 1000","1000",".200",0.407,3,".60, .30, .10","0.3",499,484,97,188,37.7,70,14,492,98.6,499
"Model 2","N = 1000","1000",".200",0.407,3,".60, .30, .10","0.5",500,486,97.2,191,38.2,58,11.6,488,97.6,500
"Model 2","N = 1000","1000",".200",0.407,3,".60, .30, .10","0.7",498,484,97.2,157,31.5,43,8.6,491,98.6,498
"Model 2","N = 1000","1000",".200",0.407,3,".60, .30, .10","0.9",499,472,94.6,129,25.9,33,6.6,479,96,499
"Model 2","N = 1000","1000",".200",0.407,3,".60, .30, .10","A",498,45,9,3,0.6,2,0.4,48,9.6,683
"Model 2","N = 1000","1000",".200",0.407,3,".60, .30, .10","B",498,53,10.6,1,0.2,1,0.2,55,11,694
"Model 2","N = 1000","1000",".200",0.407,3,".60, .30, .10","C",500,57,11.4,1,0.2,2,0.4,59,11.8,703
"Model 2","N = 1000","1000",".200",0.407,3,".60, .30, .10","D",500,56,11.2,1,0.2,4,0.8,60,12,705
"Model 2","N = 1000","1000",".200",0.407,1,".10, .30, .60","A",500,491,98.2,22,4.4,61,12.2,493,98.6,500
"Model 2","N = 1000","1000",".200",0.407,2,".33, .33, .33","A",500,487,97.4,25,5,67,13.4,488,97.6,500
"Model 2","N = 1000","1000",".200",0.407,3,".60, .30, .10","A",500,491,98.2,39,7.8,84,16.8,493,98.6,500
"Model 2","N = 1000","1000",".200",0.407,1,".10, .30, .60","B",500,495,99,40,8,50,10,496,99.2,500
"Model 2","N = 1000","1000",".200",0.407,2,".33, .33, .33","B",500,488,97.6,52,10.4,96,19.2,490,98,500
"Model 2","N = 1000","1000",".200",0.407,3,".60, .30, .10","B",500,491,98.2,38,7.6,89,17.8,493,98.6,500
"Model 2","N = 1000","1000",".200",0.407,1,".10, .30, .60","C",499,488,97.8,23,4.6,53,10.6,490,98.2,499
"Model 2","N = 1000","1000",".200",0.407,2,".33, .33, .33","C",499,482,96.6,65,13,98,19.6,488,97.8,499
"Model 2","N = 1000","1000",".200",0.407,3,".60, .30, .10","C",499,494,99,58,11.6,105,21,496,99.4,499
"Model 2","N = 1000","1000",".200",0.407,1,".10, .30, .60","D",500,488,97.6,37,7.4,59,11.8,490,98,500
"Model 2","N = 1000","1000",".200",0.407,2,".33, .33, .33","D",499,487,97.6,48,9.6,112,22.4,491,98.4,499
"Model 2","N = 1000","1000",".200",0.407,3,".60, .30, .10","D",499,489,98,100,20,178,35.7,492,98.6,499
"Model 3","N = 1000","1000",".200",0.407,1,".10, .30, .60","0.3",500,499,99.8,116,23.2,2,0.4,500,100,500
"Model 3","N = 1000","1000",".200",0.407,1,".10, .30, .60","0.5",500,498,99.6,141,28.2,2,0.4,500,100,500
"Model 3","N = 1000","1000",".200",0.407,1,".10, .30, .60","0.7",500,499,99.8,164,32.8,10,2,499,99.8,500
"Model 3","N = 1000","1000",".200",0.407,1,".10, .30, .60","0.9",500,498,99.6,181,36.2,17,3.4,499,99.8,500
"Model 3","N = 1000","1000",".200",0.407,1,".10, .30, .60","A",499,94,18.8,8,1.6,4,0.8,106,21.2,791
"Model 3","N = 1000","1000",".200",0.407,1,".10, .30, .60","B",500,158,31.6,133,26.6,11,2.2,218,43.6,1157
"Model 3","N = 1000","1000",".200",0.407,1,".10, .30, .60","C",499,275,55.1,305,61.1,10,2,399,80,5600
"Model 3","N = 1000","1000",".200",0.407,1,".10, .30, .60","D",500,272,54.4,332,66.4,1,0.2,424,84.8,11960
"Model 3","N = 1000","1000",".200",0.407,2,".33, .33, .33","0.3",500,494,98.8,107,21.4,3,0.6,494,98.8,500
"Model 3","N = 1000","1000",".200",0.407,2,".33, .33, .33","0.5",500,497,99.4,125,25,2,0.4,498,99.6,500
"Model 3","N = 1000","1000",".200",0.407,2,".33, .33, .33","0.7",500,494,98.8,156,31.2,5,1,496,99.2,500
"Model 3","N = 1000","1000",".200",0.407,2,".33, .33, .33","0.9",500,500,100,158,31.6,9,1.8,500,100,500
"Model 3","N = 1000","1000",".200",0.407,2,".33, .33, .33","A",499,138,27.7,1,0.2,1,0.2,140,28.1,875
"Model 3","N = 1000","1000",".200",0.407,2,".33, .33, .33","B",500,142,28.4,1,0.2,1,0.2,144,28.8,886
"Model 3","N = 1000","1000",".200",0.407,2,".33, .33, .33","C",499,205,41.1,70,14,1,0.2,236,47.3,1252
"Model 3","N = 1000","1000",".200",0.407,2,".33, .33, .33","D",500,218,43.6,116,23.2,2,0.4,282,56.4,1589
"Model 3","N = 1000","1000",".200",0.407,3,".60, .30, .10","0.3",500,496,99.2,77,15.4,0,0,496,99.2,500
"Model 3","N = 1000","1000",".200",0.407,3,".60, .30, .10","0.5",500,496,99.2,75,15,2,0.4,497,99.4,500
"Model 3","N = 1000","1000",".200",0.407,3,".60, .30, .10","0.7",500,498,99.6,80,16,3,0.6,499,99.8,500
"Model 3","N = 1000","1000",".200",0.407,3,".60, .30, .10","0.9",500,499,99.8,103,20.6,4,0.8,499,99.8,500
"Model 3","N = 1000","1000",".200",0.407,3,".60, .30, .10","A",499,115,23,1,0.2,0,0,115,23,812
"Model 3","N = 1000","1000",".200",0.407,3,".60, .30, .10","B",500,112,22.4,0,0,0,0,112,22.4,806
"Model 3","N = 1000","1000",".200",0.407,3,".60, .30, .10","C",500,113,22.6,6,1.2,0,0,116,23.2,815
"Model 3","N = 1000","1000",".200",0.407,3,".60, .30, .10","D",497,187,37.6,56,11.3,6,1.2,221,44.5,1172
"Model 3","N = 1000","1000",".200",0.407,1,".10, .30, .60","A",500,498,99.6,16,3.2,7,1.4,499,99.8,500
"Model 3","N = 1000","1000",".200",0.407,2,".33, .33, .33","A",500,483,96.6,2,0.4,3,0.6,484,96.8,500
"Model 3","N = 1000","1000",".200",0.407,3,".60, .30, .10","A",500,490,98,5,1,20,4,491,98.2,500
"Model 3","N = 1000","1000",".200",0.407,1,".10, .30, .60","B",500,495,99,13,2.6,8,1.6,497,99.4,500
"Model 3","N = 1000","1000",".200",0.407,2,".33, .33, .33","B",500,490,98,3,0.6,8,1.6,490,98,500
"Model 3","N = 1000","1000",".200",0.407,3,".60, .30, .10","B",500,495,99,0,0,15,3,495,99,500
"Model 3","N = 1000","1000",".200",0.407,1,".10, .30, .60","C",500,499,99.8,27,5.4,34,6.8,499,99.8,500
"Model 3","N = 1000","1000",".200",0.407,2,".33, .33, .33","C",500,492,98.4,11,2.2,34,6.8,493,98.6,500
"Model 3","N = 1000","1000",".200",0.407,3,".60, .30, .10","C",499,498,99.8,23,4.6,48,9.6,498,99.8,499
"Model 3","N = 1000","1000",".200",0.407,1,".10, .30, .60","D",500,496,99.2,42,8.4,64,12.8,497,99.4,500
"Model 3","N = 1000","1000",".200",0.407,2,".33, .33, .33","D",499,479,96,20,4,55,11,484,97,499
"Model 3","N = 1000","1000",".200",0.407,3,".60, .30, .10","D",498,490,98.4,23,4.6,100,20.1,494,99.2,498
"Model 1","N = 1000","1000",".800",3.179,1,".10, .30, .60","0.3",498,466,93.6,230,46.2,13,2.6,480,96.4,498
"Model 1","N = 1000","1000",".800",3.179,1,".10, .30, .60","0.5",498,421,84.5,225,45.2,14,2.8,458,92,498
"Model 1","N = 1000","1000",".800",3.179,1,".10, .30, .60","0.7",498,384,77.1,249,50,23,4.6,444,89.2,498
"Model 1","N = 1000","1000",".800",3.179,1,".10, .30, .60","0.9",500,356,71.2,293,58.6,33,6.6,451,90.2,500
"Model 1","N = 1000","1000",".800",3.179,1,".10, .30, .60","A",500,211,42.2,157,31.4,3,0.6,306,61.2,1854
"Model 1","N = 1000","1000",".800",3.179,1,".10, .30, .60","B",500,285,57,285,57,4,0.8,403,80.6,6008
"Model 1","N = 1000","1000",".800",3.179,1,".10, .30, .60","C",498,287,57.6,350,70.3,2,0.4,438,88,49855
"Model 1","N = 1000","1000",".800",3.179,1,".10, .30, .60","D",498,288,57.8,349,70.1,4,0.8,435,87.3,29350
"Model 1","N = 1000","1000",".800",3.179,2,".33, .33, .33","0.3",499,443,88.8,223,44.7,20,4,467,93.6,499
"Model 1","N = 1000","1000",".800",3.179,2,".33, .33, .33","0.5",498,424,85.1,242,48.6,21,4.2,458,92,498
"Model 1","N = 1000","1000",".800",3.179,2,".33, .33, .33","0.7",498,386,77.5,248,49.8,30,6,455,91.4,498
"Model 1","N = 1000","1000",".800",3.179,2,".33, .33, .33","0.9",498,371,74.5,259,52,48,9.6,445,89.4,498
"Model 1","N = 1000","1000",".800",3.179,2,".33, .33, .33","A",500,284,56.8,76,15.2,6,1.2,317,63.4,2009
"Model 1","N = 1000","1000",".800",3.179,2,".33, .33, .33","B",500,295,59,259,51.8,3,0.6,395,79,5056
"Model 1","N = 1000","1000",".800",3.179,2,".33, .33, .33","C",500,337,67.4,338,67.6,7,1.4,442,88.4,83389
"Model 1","N = 1000","1000",".800",3.179,2,".33, .33, .33","D",499,370,74.1,364,72.9,1,0.2,453,90.8,499
"Model 1","N = 1000","1000",".800",3.179,3,".60, .30, .10","0.3",496,452,91.1,215,43.3,20,4,478,96.4,496
"Model 1","N = 1000","1000",".800",3.179,3,".60, .30, .10","0.5",498,428,85.9,264,53,22,4.4,463,93,498
"Model 1","N = 1000","1000",".800",3.179,3,".60, .30, .10","0.7",499,412,82.6,272,54.5,35,7,471,94.4,499
"Model 1","N = 1000","1000",".800",3.179,3,".60, .30, .10","0.9",493,381,77.3,310,62.9,47,9.5,457,92.7,493
"Model 1","N = 1000","1000",".800",3.179,3,".60, .30, .10","A",499,217,43.5,136,27.3,7,1.4,294,58.9,1713
"Model 1","N = 1000","1000",".800",3.179,3,".60, .30, .10","B",499,278,55.7,308,61.7,4,0.8,413,82.8,8104
"Model 1","N = 1000","1000",".800",3.179,3,".60, .30, .10","C",499,289,57.9,339,67.9,3,0.6,422,84.6,11396
"Model 1","N = 1000","1000",".800",3.179,3,".60, .30, .10","D",500,291,58.2,344,68.8,5,1,425,85,12555
"Model 1","N = 1000","1000",".800",3.179,1,".10, .30, .60","A",496,448,90.3,132,26.6,49,9.9,470,94.8,496
"Model 1","N = 1000","1000",".800",3.179,2,".33, .33, .33","A",499,427,85.6,56,11.2,37,7.4,439,88,49955
"Model 1","N = 1000","1000",".800",3.179,3,".60, .30, .10","A",499,414,83,124,24.8,15,3,435,87.2,27778
"Model 1","N = 1000","1000",".800",3.179,1,".10, .30, .60","B",500,485,97,113,22.6,17,3.4,490,98,500
"Model 1","N = 1000","1000",".800",3.179,2,".33, .33, .33","B",500,452,90.4,43,8.6,22,4.4,455,91,500
"Model 1","N = 1000","1000",".800",3.179,3,".60, .30, .10","B",498,465,93.4,96,19.3,20,4,471,94.6,498
"Model 1","N = 1000","1000",".800",3.179,1,".10, .30, .60","C",500,482,96.4,134,26.8,17,3.4,487,97.4,500
"Model 1","N = 1000","1000",".800",3.179,2,".33, .33, .33","C",498,462,92.8,40,8,44,8.8,467,93.8,498
"Model 1","N = 1000","1000",".800",3.179,3,".60, .30, .10","C",495,464,93.7,107,21.6,54,10.9,471,95.2,495
"Model 1","N = 1000","1000",".800",3.179,1,".10, .30, .60","D",500,477,95.4,131,26.2,32,6.4,481,96.2,500
"Model 1","N = 1000","1000",".800",3.179,2,".33, .33, .33","D",499,434,87,57,11.4,74,14.8,451,90.4,499
"Model 1","N = 1000","1000",".800",3.179,3,".60, .30, .10","D",499,472,94.6,90,18,94,18.8,480,96.2,499
"Model 2","N = 1000","1000",".800",3.179,1,".10, .30, .60","0.3",500,489,97.8,163,32.6,30,6,495,99,500
"Model 2","N = 1000","1000",".800",3.179,1,".10, .30, .60","0.5",499,491,98.4,196,39.3,23,4.6,494,99,499
"Model 2","N = 1000","1000",".800",3.179,1,".10, .30, .60","0.7",500,494,98.8,200,40,27,5.4,496,99.2,500
"Model 2","N = 1000","1000",".800",3.179,1,".10, .30, .60","0.9",499,480,96.2,152,30.5,10,2,486,97.4,499
"Model 2","N = 1000","1000",".800",3.179,1,".10, .30, .60","A",497,57,11.5,13,2.6,2,0.4,71,14.3,721
"Model 2","N = 1000","1000",".800",3.179,1,".10, .30, .60","B",499,35,7,13,2.6,0,0,48,9.6,684
"Model 2","N = 1000","1000",".800",3.179,1,".10, .30, .60","C",500,40,8,12,2.4,1,0.2,50,10,688
"Model 2","N = 1000","1000",".800",3.179,1,".10, .30, .60","D",499,33,6.6,9,1.8,3,0.6,44,8.8,678
"Model 2","N = 1000","1000",".800",3.179,2,".33, .33, .33","0.3",498,495,99.4,137,27.5,48,9.6,496,99.6,498
"Model 2","N = 1000","1000",".800",3.179,2,".33, .33, .33","0.5",499,492,98.6,160,32.1,37,7.4,496,99.4,499
"Model 2","N = 1000","1000",".800",3.179,2,".33, .33, .33","0.7",500,479,95.8,161,32.2,35,7,485,97,500
"Model 2","N = 1000","1000",".800",3.179,2,".33, .33, .33","0.9",499,483,96.8,140,28.1,30,6,490,98.2,499
"Model 2","N = 1000","1000",".800",3.179,2,".33, .33, .33","A",496,64,12.9,0,0,0,0,64,12.9,707
"Model 2","N = 1000","1000",".800",3.179,2,".33, .33, .33","B",500,73,14.6,0,0,0,0,73,14.6,728
"Model 2","N = 1000","1000",".800",3.179,2,".33, .33, .33","C",500,81,16.2,1,0.2,1,0.2,82,16.4,744
"Model 2","N = 1000","1000",".800",3.179,2,".33, .33, .33","D",498,64,12.9,0,0,1,0.2,64,12.9,710
"Model 2","N = 1000","1000",".800",3.179,3,".60, .30, .10","0.3",500,491,98.2,148,29.6,41,8.2,495,99,500
"Model 2","N = 1000","1000",".800",3.179,3,".60, .30, .10","0.5",499,492,98.6,173,34.7,47,9.4,495,99.2,499
"Model 2","N = 1000","1000",".800",3.179,3,".60, .30, .10","0.7",500,488,97.6,180,36,23,4.6,492,98.4,500
"Model 2","N = 1000","1000",".800",3.179,3,".60, .30, .10","0.9",500,494,98.8,159,31.8,26,5.2,496,99.2,500
"Model 2","N = 1000","1000",".800",3.179,3,".60, .30, .10","A",498,64,12.9,5,1,0,0,69,13.9,719
"Model 2","N = 1000","1000",".800",3.179,3,".60, .30, .10","B",499,70,14,5,1,4,0.8,77,15.4,733
"Model 2","N = 1000","1000",".800",3.179,3,".60, .30, .10","C",498,67,13.5,4,0.8,2,0.4,73,14.7,726
"Model 2","N = 1000","1000",".800",3.179,3,".60, .30, .10","D",499,77,15.4,3,0.6,1,0.2,81,16.2,741
"Model 2","N = 1000","1000",".800",3.179,1,".10, .30, .60","A",500,489,97.8,21,4.2,60,12,493,98.6,500
"Model 2","N = 1000","1000",".800",3.179,2,".33, .33, .33","A",500,487,97.4,32,6.4,68,13.6,490,98,500
"Model 2","N = 1000","1000",".800",3.179,3,".60, .30, .10","A",499,489,98,38,7.6,58,11.6,491,98.4,499
"Model 2","N = 1000","1000",".800",3.179,1,".10, .30, .60","B",500,485,97,34,6.8,59,11.8,489,97.8,500
"Model 2","N = 1000","1000",".800",3.179,2,".33, .33, .33","B",500,480,96,38,7.6,85,17,483,96.6,500
"Model 2","N = 1000","1000",".800",3.179,3,".60, .30, .10","B",500,495,99,33,6.6,69,13.8,496,99.2,500
"Model 2","N = 1000","1000",".800",3.179,1,".10, .30, .60","C",499,480,96.2,36,7.2,51,10.2,486,97.4,499
"Model 2","N = 1000","1000",".800",3.179,2,".33, .33, .33","C",500,476,95.2,36,7.2,108,21.6,487,97.4,500
"Model 2","N = 1000","1000",".800",3.179,3,".60, .30, .10","C",499,482,96.6,40,8,68,13.6,486,97.4,499
"Model 2","N = 1000","1000",".800",3.179,1,".10, .30, .60","D",500,479,95.8,40,8,69,13.8,482,96.4,500
"Model 2","N = 1000","1000",".800",3.179,2,".33, .33, .33","D",500,475,95,36,7.2,92,18.4,485,97,500
"Model 2","N = 1000","1000",".800",3.179,3,".60, .30, .10","D",498,484,97.2,48,9.6,97,19.5,488,98,498
"Model 3","N = 1000","1000",".800",3.179,1,".10, .30, .60","0.3",500,497,99.4,130,26,1,0.2,498,99.6,500
"Model 3","N = 1000","1000",".800",3.179,1,".10, .30, .60","0.5",500,496,99.2,142,28.4,4,0.8,497,99.4,500
"Model 3","N = 1000","1000",".800",3.179,1,".10, .30, .60","0.7",500,498,99.6,202,40.4,5,1,499,99.8,500
"Model 3","N = 1000","1000",".800",3.179,1,".10, .30, .60","0.9",500,498,99.6,187,37.4,22,4.4,499,99.8,500
"Model 3","N = 1000","1000",".800",3.179,1,".10, .30, .60","A",500,105,21,36,7.2,0,0,132,26.4,854
"Model 3","N = 1000","1000",".800",3.179,1,".10, .30, .60","B",500,132,26.4,65,13,2,0.4,173,34.6,975
"Model 3","N = 1000","1000",".800",3.179,1,".10, .30, .60","D",500,322,64.4,318,63.6,8,1.6,443,88.6,125055
"Model 3","N = 1000","1000",".800",3.179,2,".33, .33, .33","0.3",500,494,98.8,91,18.2,4,0.8,496,99.2,500
"Model 3","N = 1000","1000",".800",3.179,2,".33, .33, .33","0.5",500,493,98.6,74,14.8,0,0,494,98.8,500
"Model 3","N = 1000","1000",".800",3.179,2,".33, .33, .33","0.7",500,492,98.4,117,23.4,3,0.6,493,98.6,500
"Model 3","N = 1000","1000",".800",3.179,2,".33, .33, .33","0.9",500,497,99.4,115,23,12,2.4,498,99.6,500
"Model 3","N = 1000","1000",".800",3.179,2,".33, .33, .33","A",500,142,28.4,2,0.4,1,0.2,143,28.6,883
"Model 3","N = 1000","1000",".800",3.179,2,".33, .33, .33","B",500,156,31.2,10,2,0,0,160,32,933
"Model 3","N = 1000","1000",".800",3.179,2,".33, .33, .33","C",500,150,30,50,10,2,0.4,187,37.4,1024
"Model 3","N = 1000","1000",".800",3.179,2,".33, .33, .33","D",500,220,44,82,16.4,2,0.4,265,53,1444
"Model 3","N = 1000","1000",".800",3.179,3,".60, .30, .10","0.3",500,493,98.6,66,13.2,0,0,493,98.6,500
"Model 3","N = 1000","1000",".800",3.179,3,".60, .30, .10","0.5",499,493,98.8,73,14.6,3,0.6,494,99,499
"Model 3","N = 1000","1000",".800",3.179,3,".60, .30, .10","0.7",500,496,99.2,94,18.8,6,1.2,496,99.2,500
"Model 3","N = 1000","1000",".800",3.179,3,".60, .30, .10","0.9",500,496,99.2,93,18.6,18,3.6,496,99.2,500
"Model 3","N = 1000","1000",".800",3.179,3,".60, .30, .10","A",498,111,22.3,0,0,1,0.2,112,22.5,804
"Model 3","N = 1000","1000",".800",3.179,3,".60, .30, .10","B",500,120,24,2,0.4,0,0,122,24.4,829
"Model 3","N = 1000","1000",".800",3.179,3,".60, .30, .10","C",500,116,23.2,44,8.8,0,0,147,29.4,894
"Model 3","N = 1000","1000",".800",3.179,3,".60, .30, .10","D",499,196,39.3,126,25.3,6,1.2,281,56.3,1581
"Model 3","N = 1000","1000",".800",3.179,1,".10, .30, .60","A",499,494,99,75,15,2,0.4,495,99.2,499
"Model 3","N = 1000","1000",".800",3.179,2,".33, .33, .33","A",500,482,96.4,6,1.2,3,0.6,482,96.4,500
"Model 3","N = 1000","1000",".800",3.179,3,".60, .30, .10","A",500,483,96.6,3,0.6,9,1.8,483,96.6,500
"Model 3","N = 1000","1000",".800",3.179,1,".10, .30, .60","B",500,497,99.4,51,10.2,6,1.2,497,99.4,500
"Model 3","N = 1000","1000",".800",3.179,2,".33, .33, .33","B",500,482,96.4,6,1.2,1,0.2,482,96.4,500
"Model 3","N = 1000","1000",".800",3.179,3,".60, .30, .10","B",500,483,96.6,0,0,1,0.2,483,96.6,500
"Model 3","N = 1000","1000",".800",3.179,1,".10, .30, .60","C",499,497,99.6,77,15.4,16,3.2,498,99.8,499
"Model 3","N = 1000","1000",".800",3.179,2,".33, .33, .33","C",500,490,98,9,1.8,6,1.2,490,98,500
"Model 3","N = 1000","1000",".800",3.179,3,".60, .30, .10","C",499,480,96.2,5,1,11,2.2,481,96.4,499
"Model 3","N = 1000","1000",".800",3.179,1,".10, .30, .60","D",499,493,98.8,80,16,40,8,495,99.2,499
"Model 3","N = 1000","1000",".800",3.179,2,".33, .33, .33","D",500,481,96.2,18,3.6,34,6.8,482,96.4,500
"Model 3","N = 1000","1000",".800",3.179,3,".60, .30, .10","D",497,472,95,18,3.6,42,8.5,475,95.6,497
"Model 1","N = 2500","2500",".200",0.407,1,".10, .30, .60","0.3",500,226,45.2,4,0.8,0,0,229,45.8,1213
"Model 1","N = 2500","2500",".200",0.407,1,".10, .30, .60","0.5",500,232,46.4,0,0,1,0.2,232,46.4,1229
"Model 1","N = 2500","2500",".200",0.407,1,".10, .30, .60","0.7",500,257,51.4,7,1.4,1,0.2,260,52,1407
"Model 1","N = 2500","2500",".200",0.407,1,".10, .30, .60","0.9",500,256,51.2,46,9.2,0,0,276,55.2,1535
"Model 1","N = 2500","2500",".200",0.407,1,".10, .30, .60","A",500,244,48.8,4,0.8,1,0.2,246,49.2,1312
"Model 1","N = 2500","2500",".200",0.407,1,".10, .30, .60","B",500,293,58.6,215,43,2,0.4,371,74.2,3434
"Model 1","N = 2500","2500",".200",0.407,1,".10, .30, .60","C",500,295,59,300,60,4,0.8,423,84.6,11419
"Model 1","N = 2500","2500",".200",0.407,1,".10, .30, .60","D",500,327,65.4,301,60.2,3,0.6,430,86,16722
"Model 1","N = 2500","2500",".200",0.407,2,".33, .33, .33","0.3",500,254,50.8,0,0,1,0.2,254,50.8,1364
"Model 1","N = 2500","2500",".200",0.407,2,".33, .33, .33","0.5",500,248,49.6,0,0,0,0,248,49.6,1325
"Model 1","N = 2500","2500",".200",0.407,2,".33, .33, .33","0.7",500,273,54.6,0,0,0,0,273,54.6,1509
"Model 1","N = 2500","2500",".200",0.407,2,".33, .33, .33","A",500,247,49.4,1,0.2,4,0.8,250,50,1338
"Model 1","N = 2500","2500",".200",0.407,2,".33, .33, .33","B",500,300,60,191,38.2,5,1,370,74,3389
"Model 1","N = 2500","2500",".200",0.407,2,".33, .33, .33","C",499,309,61.9,357,71.5,2,0.4,446,89.4,499
"Model 1","N = 2500","2500",".200",0.407,2,".33, .33, .33","D",498,371,74.5,357,71.7,0,0,457,91.8,498
"Model 1","N = 2500","2500",".200",0.407,3,".60, .30, .10","0.3",500,207,41.4,4,0.8,0,0,208,41.6,1110
"Model 1","N = 2500","2500",".200",0.407,3,".60, .30, .10","0.5",500,226,45.2,16,3.2,1,0.2,235,47,1246
"Model 1","N = 2500","2500",".200",0.407,3,".60, .30, .10","A",500,215,43,13,2.6,0,0,224,44.8,1187
"Model 1","N = 2500","2500",".200",0.407,3,".60, .30, .10","B",490,207,42.2,295,60.2,7,1.4,370,75.5,3685
"Model 1","N = 2500","2500",".200",0.407,3,".60, .30, .10","C",493,290,58.8,382,77.5,2,0.4,446,90.5,493
"Model 1","N = 2500","2500",".200",0.407,3,".60, .30, .10","D",492,317,64.4,389,79.1,5,1,456,92.7,492
"Model 2","N = 2500","2500",".200",0.407,1,".10, .30, .60","0.3",500,16,3.2,0,0,0,0,16,3.2,638
"Model 2","N = 2500","2500",".200",0.407,1,".10, .30, .60","0.5",498,8,1.6,1,0.2,2,0.4,10,2,628
"Model 2","N = 2500","2500",".200",0.407,1,".10, .30, .60","0.7",500,14,2.8,0,0,1,0.2,15,3,637
"Model 2","N = 2500","2500",".200",0.407,1,".10, .30, .60","0.9",499,15,3,2,0.4,4,0.8,21,4.2,644
"Model 2","N = 2500","2500",".200",0.407,1,".10, .30, .60","A",500,11,2.2,0,0,1,0.2,12,2.4,633
"Model 2","N = 2500","2500",".200",0.407,1,".10, .30, .60","B",499,16,3.2,0,0,0,0,16,3.2,637
"Model 2","N = 2500","2500",".200",0.407,1,".10, .30, .60","C",498,14,2.8,0,0,1,0.2,15,3,635
"Model 2","N = 2500","2500",".200",0.407,1,".10, .30, .60","D",500,17,3.4,0,0,1,0.2,18,3.6,641
"Model 2","N = 2500","2500",".200",0.407,2,".33, .33, .33","0.3",500,27,5.4,0,0,1,0.2,28,5.6,655
"Model 2","N = 2500","2500",".200",0.407,2,".33, .33, .33","0.5",500,39,7.8,1,0.2,2,0.4,42,8.4,676
"Model 2","N = 2500","2500",".200",0.407,2,".33, .33, .33","0.7",500,33,6.6,0,0,1,0.2,34,6.8,664
"Model 2","N = 2500","2500",".200",0.407,2,".33, .33, .33","A",500,29,5.8,0,0,1,0.2,30,6,658
"Model 2","N = 2500","2500",".200",0.407,2,".33, .33, .33","B",500,31,6.2,0,0,2,0.4,32,6.4,661
"Model 2","N = 2500","2500",".200",0.407,2,".33, .33, .33","C",499,34,6.8,0,0,1,0.2,34,6.8,663
"Model 2","N = 2500","2500",".200",0.407,2,".33, .33, .33","D",499,33,6.6,0,0,1,0.2,34,6.8,663
"Model 2","N = 2500","2500",".200",0.407,3,".60, .30, .10","0.3",500,15,3,0,0,1,0.2,16,3.2,638
"Model 2","N = 2500","2500",".200",0.407,3,".60, .30, .10","0.5",500,24,4.8,0,0,0,0,24,4.8,649
"Model 2","N = 2500","2500",".200",0.407,3,".60, .30, .10","A",499,30,6,0,0,0,0,30,6,657
"Model 2","N = 2500","2500",".200",0.407,3,".60, .30, .10","B",500,29,5.8,0,0,0,0,29,5.8,656
"Model 2","N = 2500","2500",".200",0.407,3,".60, .30, .10","C",500,48,9.6,0,0,0,0,48,9.6,685
"Model 2","N = 2500","2500",".200",0.407,3,".60, .30, .10","D",500,33,6.6,1,0.2,0,0,33,6.6,662
"Model 3","N = 2500","2500",".200",0.407,1,".10, .30, .60","0.3",500,98,19.6,0,0,1,0.2,99,19.8,778
"Model 3","N = 2500","2500",".200",0.407,1,".10, .30, .60","0.5",500,116,23.2,0,0,0,0,116,23.2,815
"Model 3","N = 2500","2500",".200",0.407,1,".10, .30, .60","0.7",500,124,24.8,0,0,1,0.2,125,25,837
"Model 3","N = 2500","2500",".200",0.407,1,".10, .30, .60","0.9",500,218,43.6,0,0,0,0,218,43.6,1157
"Model 3","N = 2500","2500",".200",0.407,1,".10, .30, .60","A",500,95,19,0,0,0,0,95,19,770
"Model 3","N = 2500","2500",".200",0.407,1,".10, .30, .60","B",500,164,32.8,94,18.8,11,2.2,206,41.2,1102
"Model 3","N = 2500","2500",".200",0.407,1,".10, .30, .60","C",500,253,50.6,274,54.8,10,2,381,76.2,3962
"Model 3","N = 2500","2500",".200",0.407,1,".10, .30, .60","D",500,257,51.4,314,62.8,6,1.2,391,78.2,4685
"Model 3","N = 2500","2500",".200",0.407,2,".33, .33, .33","0.3",500,140,28,0,0,0,0,140,28,875
"Model 3","N = 2500","2500",".200",0.407,2,".33, .33, .33","0.5",500,161,32.2,0,0,1,0.2,162,32.4,939
"Model 3","N = 2500","2500",".200",0.407,2,".33, .33, .33","0.7",500,132,26.4,0,0,1,0.2,133,26.6,857
"Model 3","N = 2500","2500",".200",0.407,2,".33, .33, .33","A",499,128,25.7,0,0,0,0,128,25.7,844
"Model 3","N = 2500","2500",".200",0.407,2,".33, .33, .33","B",500,141,28.2,0,0,0,0,141,28.2,878
"Model 3","N = 2500","2500",".200",0.407,2,".33, .33, .33","C",500,203,40.6,35,7,5,1,220,44,1167
"Model 3","N = 2500","2500",".200",0.407,2,".33, .33, .33","D",500,218,43.6,54,10.8,7,1.4,254,50.8,1364
"Model 3","N = 2500","2500",".200",0.407,3,".60, .30, .10","0.3",500,123,24.6,0,0,0,0,123,24.6,832
"Model 3","N = 2500","2500",".200",0.407,3,".60, .30, .10","0.5",500,137,27.4,0,0,1,0.2,138,27.6,870
"Model 3","N = 2500","2500",".200",0.407,3,".60, .30, .10","A",500,133,26.6,0,0,0,0,133,26.6,857
"Model 3","N = 2500","2500",".200",0.407,3,".60, .30, .10","B",500,111,22.2,0,0,0,0,111,22.2,804
"Model 3","N = 2500","2500",".200",0.407,3,".60, .30, .10","C",500,121,24.2,0,0,0,0,121,24.2,827
"Model 3","N = 2500","2500",".200",0.407,3,".60, .30, .10","D",500,221,44.2,25,5,8,1.6,241,48.2,1281
"Model 1","N = 2500","2500",".800",3.179,1,".10, .30, .60","0.3",499,266,53.3,43,8.6,0,0,285,57.1,1620
"Model 1","N = 2500","2500",".800",3.179,1,".10, .30, .60","0.5",500,257,51.4,35,7,0,0,271,54.2,1492
"Model 1","N = 2500","2500",".800",3.179,1,".10, .30, .60","A",499,274,54.9,84,16.8,1,0.2,315,63.1,1982
"Model 1","N = 2500","2500",".800",3.179,1,".10, .30, .60","B",498,288,57.8,257,51.6,6,1.2,396,79.5,5298
"Model 1","N = 2500","2500",".800",3.179,1,".10, .30, .60","C",499,286,57.3,341,68.3,3,0.6,435,87.2,27778
"Model 1","N = 2500","2500",".800",3.179,1,".10, .30, .60","D",498,302,60.6,355,71.3,0,0,442,88.8,249055
"Model 1","N = 2500","2500",".800",3.179,2,".33, .33, .33","0.3",500,323,64.6,5,1,0,0,324,64.8,2122
"Model 1","N = 2500","2500",".800",3.179,2,".33, .33, .33","0.5",500,305,61,4,0.8,0,0,307,61.4,1867
"Model 1","N = 2500","2500",".800",3.179,2,".33, .33, .33","0.7",500,293,58.6,13,2.6,1,0.2,300,60,1780
"Model 1","N = 2500","2500",".800",3.179,2,".33, .33, .33","0.9",500,293,58.6,52,10.4,1,0.2,318,63.6,2024
"Model 1","N = 2500","2500",".800",3.179,2,".33, .33, .33","A",500,298,59.6,9,1.8,0,0,303,60.6,1816
"Model 1","N = 2500","2500",".800",3.179,2,".33, .33, .33","B",499,280,56.1,212,42.5,7,1.4,371,74.3,3450
"Model 1","N = 2500","2500",".800",3.179,2,".33, .33, .33","C",499,359,71.9,354,70.9,2,0.4,447,89.6,499
"Model 1","N = 2500","2500",".800",3.179,2,".33, .33, .33","D",499,393,78.8,358,71.7,4,0.8,465,93.2,499
"Model 1","N = 2500","2500",".800",3.179,3,".60, .30, .10","0.3",500,235,47,12,2.4,2,0.4,242,48.4,1287
"Model 1","N = 2500","2500",".800",3.179,3,".60, .30, .10","0.5",500,255,51,17,3.4,1,0.2,265,53,1444
"Model 1","N = 2500","2500",".800",3.179,3,".60, .30, .10","0.7",499,235,47.1,39,7.8,2,0.4,258,51.7,1393
"Model 1","N = 2500","2500",".800",3.179,3,".60, .30, .10","0.9",496,282,56.9,93,18.8,1,0.2,317,63.9,2032
"Model 1","N = 2500","2500",".800",3.179,3,".60, .30, .10","A",499,220,44.1,32,6.4,1,0.2,239,47.9,1270
"Model 1","N = 2500","2500",".800",3.179,3,".60, .30, .10","B",499,254,50.9,304,60.9,3,0.6,391,78.4,4763
"Model 1","N = 2500","2500",".800",3.179,3,".60, .30, .10","C",497,294,59.2,355,71.4,3,0.6,438,88.1,55278
"Model 1","N = 2500","2500",".800",3.179,3,".60, .30, .10","D",499,329,65.9,390,78.2,4,0.8,461,92.4,499
"Model 2","N = 2500","2500",".800",3.179,1,".10, .30, .60","0.3",499,36,7.2,1,0.2,0,0,37,7.4,667
"Model 2","N = 2500","2500",".800",3.179,1,".10, .30, .60","0.5",500,27,5.4,0,0,0,0,27,5.4,654
"Model 2","N = 2500","2500",".800",3.179,1,".10, .30, .60","A",499,35,7,0,0,0,0,35,7,664
"Model 2","N = 2500","2500",".800",3.179,1,".10, .30, .60","B",499,35,7,0,0,0,0,35,7,664
"Model 2","N = 2500","2500",".800",3.179,1,".10, .30, .60","C",499,55,11,1,0.2,0,0,55,11,695
"Model 2","N = 2500","2500",".800",3.179,1,".10, .30, .60","D",499,37,7.4,1,0.2,0,0,38,7.6,669
"Model 2","N = 2500","2500",".800",3.179,2,".33, .33, .33","0.3",499,73,14.6,0,0,0,0,73,14.6,726
"Model 2","N = 2500","2500",".800",3.179,2,".33, .33, .33","0.5",500,60,12,0,0,0,0,60,12,705
"Model 2","N = 2500","2500",".800",3.179,2,".33, .33, .33","0.7",500,97,19.4,0,0,0,0,97,19.4,774
"Model 2","N = 2500","2500",".800",3.179,2,".33, .33, .33","0.9",500,112,22.4,0,0,0,0,112,22.4,806
"Model 2","N = 2500","2500",".800",3.179,2,".33, .33, .33","A",500,70,14,0,0,0,0,70,14,722
"Model 2","N = 2500","2500",".800",3.179,2,".33, .33, .33","B",499,73,14.6,0,0,0,0,73,14.6,726
"Model 2","N = 2500","2500",".800",3.179,2,".33, .33, .33","C",500,89,17.8,0,0,0,0,89,17.8,758
"Model 2","N = 2500","2500",".800",3.179,2,".33, .33, .33","D",500,86,17.2,0,0,0,0,86,17.2,752
"Model 2","N = 2500","2500",".800",3.179,3,".60, .30, .10","0.3",499,52,10.4,0,0,0,0,52,10.4,690
"Model 2","N = 2500","2500",".800",3.179,3,".60, .30, .10","0.5",500,76,15.2,0,0,0,0,76,15.2,733
"Model 2","N = 2500","2500",".800",3.179,3,".60, .30, .10","0.7",500,88,17.6,0,0,0,0,88,17.6,756
"Model 2","N = 2500","2500",".800",3.179,3,".60, .30, .10","0.9",499,70,14,0,0,0,0,70,14,721
"Model 2","N = 2500","2500",".800",3.179,3,".60, .30, .10","A",500,62,12.4,0,0,0,0,62,12.4,708
"Model 2","N = 2500","2500",".800",3.179,3,".60, .30, .10","B",499,68,13.6,0,0,0,0,68,13.6,717
"Model 2","N = 2500","2500",".800",3.179,3,".60, .30, .10","C",500,74,14.8,0,0,0,0,74,14.8,729
"Model 2","N = 2500","2500",".800",3.179,3,".60, .30, .10","D",500,73,14.6,0,0,0,0,73,14.6,728
"Model 3","N = 2500","2500",".800",3.179,1,".10, .30, .60","0.3",500,125,25,9,1.8,0,0,132,26.4,854
"Model 3","N = 2500","2500",".800",3.179,1,".10, .30, .60","0.5",500,132,26.4,5,1,1,0.2,137,27.4,867
"Model 3","N = 2500","2500",".800",3.179,1,".10, .30, .60","A",500,120,24,11,2.2,0,0,129,25.8,847
"Model 3","N = 2500","2500",".800",3.179,1,".10, .30, .60","B",499,83,16.6,24,4.8,3,0.6,101,20.2,781
"Model 3","N = 2500","2500",".800",3.179,1,".10, .30, .60","C",499,292,58.5,251,50.3,11,2.2,392,78.6,4854
"Model 3","N = 2500","2500",".800",3.179,1,".10, .30, .60","D",500,312,62.4,296,59.2,4,0.8,423,84.6,11419
"Model 3","N = 2500","2500",".800",3.179,2,".33, .33, .33","0.3",500,178,35.6,0,0,1,0.2,179,35.8,995
"Model 3","N = 2500","2500",".800",3.179,2,".33, .33, .33","0.5",500,176,35.2,0,0,0,0,176,35.2,985
"Model 3","N = 2500","2500",".800",3.179,2,".33, .33, .33","0.7",500,187,37.4,0,0,0,0,187,37.4,1024
"Model 3","N = 2500","2500",".800",3.179,2,".33, .33, .33","0.9",500,205,41,0,0,0,0,205,41,1097
"Model 3","N = 2500","2500",".800",3.179,2,".33, .33, .33","A",500,163,32.6,0,0,0,0,163,32.6,942
"Model 3","N = 2500","2500",".800",3.179,2,".33, .33, .33","B",500,141,28.2,0,0,0,0,141,28.2,878
"Model 3","N = 2500","2500",".800",3.179,2,".33, .33, .33","C",498,133,26.7,32,6.4,1,0.2,157,31.5,922
"Model 3","N = 2500","2500",".800",3.179,2,".33, .33, .33","D",500,227,45.4,51,10.2,1,0.2,259,51.8,1400
"Model 3","N = 2500","2500",".800",3.179,3,".60, .30, .10","0.3",500,122,24.4,0,0,0,0,122,24.4,829
"Model 3","N = 2500","2500",".800",3.179,3,".60, .30, .10","0.5",499,136,27.3,0,0,0,0,136,27.3,864
"Model 3","N = 2500","2500",".800",3.179,3,".60, .30, .10","0.7",500,146,29.2,0,0,0,0,146,29.2,892
"Model 3","N = 2500","2500",".800",3.179,3,".60, .30, .10","0.9",500,156,31.2,0,0,0,0,156,31.2,921
"Model 3","N = 2500","2500",".800",3.179,3,".60, .30, .10","A",500,141,28.2,0,0,0,0,141,28.2,878
"Model 3","N = 2500","2500",".800",3.179,3,".60, .30, .10","B",500,130,26,0,0,0,0,130,26,849
"Model 3","N = 2500","2500",".800",3.179,3,".60, .30, .10","C",500,118,23.6,20,4,0,0,133,26.6,857
"Model 3","N = 2500","2500",".800",3.179,3,".60, .30, .10","D",500,222,44.4,51,10.2,5,1,256,51.2,1378
"Model 1","N = 5000","5000",".200",0.407,1,".10, .30, .60","0.3",500,252,50.4,0,0,0,0,252,50.4,1351
"Model 1","N = 5000","5000",".200",0.407,1,".10, .30, .60","0.5",500,254,50.8,0,0,0,0,254,50.8,1364
"Model 1","N = 5000","5000",".200",0.407,1,".10, .30, .60","0.7",500,264,52.8,2,0.4,1,0.2,266,53.2,1452
"Model 1","N = 5000","5000",".200",0.407,1,".10, .30, .60","0.9",499,247,49.5,16,3.2,0,0,252,50.5,1352
"Model 1","N = 5000","5000",".200",0.407,1,".10, .30, .60","A",500,260,52,0,0,0,0,260,52,1407
"Model 1","N = 5000","5000",".200",0.407,1,".10, .30, .60","B",498,309,62,196,39.4,5,1,383,76.9,4171
"Model 1","N = 5000","5000",".200",0.407,1,".10, .30, .60","C",500,323,64.6,339,67.8,4,0.8,438,87.6,35770
"Model 1","N = 5000","5000",".200",0.407,1,".10, .30, .60","D",500,355,71,351,70.2,2,0.4,448,89.6,500
"Model 1","N = 5000","5000",".200",0.407,2,".33, .33, .33","0.3",500,254,50.8,0,0,0,0,254,50.8,1364
"Model 1","N = 5000","5000",".200",0.407,2,".33, .33, .33","0.5",500,260,52,0,0,0,0,260,52,1407
"Model 1","N = 5000","5000",".200",0.407,2,".33, .33, .33","0.7",500,274,54.8,0,0,0,0,274,54.8,1517
"Model 1","N = 5000","5000",".200",0.407,2,".33, .33, .33","0.9",500,242,48.4,1,0.2,0,0,243,48.6,1293
"Model 1","N = 5000","5000",".200",0.407,2,".33, .33, .33","A",500,260,52,0,0,0,0,260,52,1407
"Model 1","N = 5000","5000",".200",0.407,2,".33, .33, .33","B",500,288,57.6,200,40,4,0.8,364,72.8,3142
"Model 1","N = 5000","5000",".200",0.407,2,".33, .33, .33","C",499,331,66.3,393,78.8,4,0.8,457,91.6,499
"Model 1","N = 5000","5000",".200",0.407,2,".33, .33, .33","D",499,356,71.3,390,78.2,3,0.6,464,93,499
"Model 1","N = 5000","5000",".200",0.407,3,".60, .30, .10","0.3",500,209,41.8,0,0,0,0,209,41.8,1115
"Model 1","N = 5000","5000",".200",0.407,3,".60, .30, .10","0.5",500,219,43.8,3,0.6,0,0,221,44.2,1172
"Model 1","N = 5000","5000",".200",0.407,3,".60, .30, .10","0.7",498,217,43.6,3,0.6,0,0,219,44,1162
"Model 1","N = 5000","5000",".200",0.407,3,".60, .30, .10","0.9",495,235,47.5,29,5.9,2,0.4,245,49.5,1309
"Model 1","N = 5000","5000",".200",0.407,3,".60, .30, .10","A",500,215,43,3,0.6,0,0,216,43.2,1147
"Model 1","N = 5000","5000",".200",0.407,3,".60, .30, .10","B",488,206,42.2,281,57.6,10,2,359,73.6,3224
"Model 1","N = 5000","5000",".200",0.407,3,".60, .30, .10","C",489,283,57.9,372,76.1,2,0.4,432,88.3,69913
"Model 1","N = 5000","5000",".200",0.407,3,".60, .30, .10","D",492,337,68.5,394,80.1,2,0.4,466,94.7,492
"Model 2","N = 5000","5000",".200",0.407,1,".10, .30, .60","0.3",500,13,2.6,0,0,0,0,13,2.6,634
"Model 2","N = 5000","5000",".200",0.407,1,".10, .30, .60","0.5",497,11,2.2,0,0,0,0,11,2.2,628
"Model 2","N = 5000","5000",".200",0.407,1,".10, .30, .60","0.7",500,18,3.6,0,0,0,0,18,3.6,641
"Model 2","N = 5000","5000",".200",0.407,1,".10, .30, .60","0.9",500,11,2.2,0,0,1,0.2,12,2.4,633
"Model 2","N = 5000","5000",".200",0.407,1,".10, .30, .60","A",499,11,2.2,0,0,1,0.2,12,2.4,632
"Model 2","N = 5000","5000",".200",0.407,1,".10, .30, .60","B",500,11,2.2,0,0,0,0,11,2.2,632
"Model 2","N = 5000","5000",".200",0.407,1,".10, .30, .60","C",500,8,1.6,0,0,0,0,8,1.6,628
"Model 2","N = 5000","5000",".200",0.407,1,".10, .30, .60","D",500,17,3.4,0,0,0,0,17,3.4,640
"Model 2","N = 5000","5000",".200",0.407,2,".33, .33, .33","0.3",500,43,8.6,0,0,0,0,43,8.6,677
"Model 2","N = 5000","5000",".200",0.407,2,".33, .33, .33","0.5",499,33,6.6,0,0,0,0,33,6.6,661
"Model 2","N = 5000","5000",".200",0.407,2,".33, .33, .33","0.7",500,27,5.4,0,0,0,0,27,5.4,654
"Model 2","N = 5000","5000",".200",0.407,2,".33, .33, .33","0.9",500,45,9,0,0,0,0,45,9,680
"Model 2","N = 5000","5000",".200",0.407,2,".33, .33, .33","A",500,34,6.8,0,0,0,0,34,6.8,664
"Model 2","N = 5000","5000",".200",0.407,2,".33, .33, .33","B",499,28,5.6,0,0,0,0,28,5.6,654
"Model 2","N = 5000","5000",".200",0.407,2,".33, .33, .33","C",500,29,5.8,0,0,0,0,29,5.8,656
"Model 2","N = 5000","5000",".200",0.407,2,".33, .33, .33","D",500,28,5.6,0,0,0,0,28,5.6,655
"Model 2","N = 5000","5000",".200",0.407,3,".60, .30, .10","0.3",500,26,5.2,0,0,0,0,26,5.2,652
"Model 2","N = 5000","5000",".200",0.407,3,".60, .30, .10","0.5",500,36,7.2,0,0,0,0,36,7.2,667
"Model 2","N = 5000","5000",".200",0.407,3,".60, .30, .10","0.7",500,33,6.6,0,0,0,0,33,6.6,662
"Model 2","N = 5000","5000",".200",0.407,3,".60, .30, .10","0.9",499,41,8.2,0,0,1,0.2,42,8.4,675
"Model 2","N = 5000","5000",".200",0.407,3,".60, .30, .10","A",500,41,8.2,0,0,0,0,41,8.2,674
"Model 2","N = 5000","5000",".200",0.407,3,".60, .30, .10","B",500,36,7.2,0,0,0,0,36,7.2,667
"Model 2","N = 5000","5000",".200",0.407,3,".60, .30, .10","C",500,40,8,0,0,0,0,40,8,673
"Model 2","N = 5000","5000",".200",0.407,3,".60, .30, .10","D",500,43,8.6,0,0,0,0,43,8.6,677
"Model 3","N = 5000","5000",".200",0.407,1,".10, .30, .60","0.3",499,107,21.4,0,0,0,0,107,21.4,794
"Model 3","N = 5000","5000",".200",0.407,1,".10, .30, .60","0.5",500,96,19.2,0,0,0,0,96,19.2,772
"Model 3","N = 5000","5000",".200",0.407,1,".10, .30, .60","0.7",500,114,22.8,0,0,2,0.4,116,23.2,815
"Model 3","N = 5000","5000",".200",0.407,1,".10, .30, .60","0.9",500,209,41.8,0,0,1,0.2,209,41.8,1115
"Model 3","N = 5000","5000",".200",0.407,1,".10, .30, .60","A",500,109,21.8,0,0,0,0,109,21.8,800
"Model 3","N = 5000","5000",".200",0.407,1,".10, .30, .60","B",500,137,27.4,74,14.8,7,1.4,172,34.4,971
"Model 3","N = 5000","5000",".200",0.407,1,".10, .30, .60","C",500,235,47,259,51.8,8,1.6,362,72.4,3068
"Model 3","N = 5000","5000",".200",0.407,1,".10, .30, .60","D",498,261,52.4,281,56.4,9,1.8,381,76.5,4039
"Model 3","N = 5000","5000",".200",0.407,2,".33, .33, .33","0.3",500,120,24,0,0,0,0,120,24,825
"Model 3","N = 5000","5000",".200",0.407,2,".33, .33, .33","0.5",500,144,28.8,0,0,0,0,144,28.8,886
"Model 3","N = 5000","5000",".200",0.407,2,".33, .33, .33","0.7",500,176,35.2,0,0,1,0.2,177,35.4,988
"Model 3","N = 5000","5000",".200",0.407,2,".33, .33, .33","0.9",500,175,35,0,0,1,0.2,176,35.2,985
"Model 3","N = 5000","5000",".200",0.407,2,".33, .33, .33","A",500,125,25,0,0,0,0,125,25,837
"Model 3","N = 5000","5000",".200",0.407,2,".33, .33, .33","B",500,150,30,0,0,0,0,150,30,903
"Model 3","N = 5000","5000",".200",0.407,2,".33, .33, .33","C",500,225,45,26,5.2,5,1,238,47.6,1263
"Model 3","N = 5000","5000",".200",0.407,2,".33, .33, .33","D",500,204,40.8,35,7,4,0.8,234,46.8,1240
"Model 3","N = 5000","5000",".200",0.407,3,".60, .30, .10","0.3",500,154,30.8,0,0,0,0,154,30.8,915
"Model 3","N = 5000","5000",".200",0.407,3,".60, .30, .10","0.5",500,154,30.8,0,0,0,0,154,30.8,915
"Model 3","N = 5000","5000",".200",0.407,3,".60, .30, .10","0.7",500,176,35.2,0,0,0,0,176,35.2,985
"Model 3","N = 5000","5000",".200",0.407,3,".60, .30, .10","0.9",500,166,33.2,0,0,0,0,166,33.2,952
"Model 3","N = 5000","5000",".200",0.407,3,".60, .30, .10","A",500,124,24.8,0,0,0,0,124,24.8,834
"Model 3","N = 5000","5000",".200",0.407,3,".60, .30, .10","B",500,117,23.4,0,0,0,0,117,23.4,818
"Model 3","N = 5000","5000",".200",0.407,3,".60, .30, .10","C",500,108,21.6,0,0,0,0,108,21.6,797
"Model 3","N = 5000","5000",".200",0.407,3,".60, .30, .10","D",500,234,46.8,9,1.8,2,0.4,243,48.6,1293
"Model 1","N = 5000","5000",".800",3.179,1,".10, .30, .60","0.3",500,246,49.2,9,1.8,0,0,251,50.2,1344
"Model 1","N = 5000","5000",".800",3.179,1,".10, .30, .60","0.5",499,260,52.1,17,3.4,0,0,272,54.5,1502
"Model 1","N = 5000","5000",".800",3.179,1,".10, .30, .60","0.7",500,281,56.2,27,5.4,0,0,289,57.8,1658
"Model 1","N = 5000","5000",".800",3.179,1,".10, .30, .60","0.9",495,323,65.3,72,14.5,0,0,346,69.9,2647
"Model 1","N = 5000","5000",".800",3.179,1,".10, .30, .60","A",500,263,52.6,48,9.6,0,0,285,57,1618
"Model 1","N = 5000","5000",".800",3.179,1,".10, .30, .60","B",499,293,58.7,247,49.5,5,1,398,79.8,5479
"Model 1","N = 5000","5000",".800",3.179,1,".10, .30, .60","C",499,297,59.5,348,69.7,7,1.4,431,86.4,19248
"Model 1","N = 5000","5000",".800",3.179,1,".10, .30, .60","D",499,322,64.5,399,80,2,0.4,462,92.6,499
"Model 1","N = 5000","5000",".800",3.179,2,".33, .33, .33","0.3",500,319,63.8,0,0,0,0,319,63.8,2040
"Model 1","N = 5000","5000",".800",3.179,2,".33, .33, .33","0.5",500,310,62,0,0,0,0,310,62,1907
"Model 1","N = 5000","5000",".800",3.179,2,".33, .33, .33","0.7",500,303,60.6,1,0.2,0,0,303,60.6,1816
"Model 1","N = 5000","5000",".800",3.179,2,".33, .33, .33","0.9",500,291,58.2,43,8.6,2,0.4,313,62.6,1949
"Model 1","N = 5000","5000",".800",3.179,2,".33, .33, .33","A",500,276,55.2,1,0.2,0,0,276,55.2,1535
"Model 1","N = 5000","5000",".800",3.179,2,".33, .33, .33","B",498,298,59.8,184,36.9,8,1.6,362,72.7,3111
"Model 1","N = 5000","5000",".800",3.179,2,".33, .33, .33","C",497,378,76.1,344,69.2,4,0.8,454,91.3,497
"Model 1","N = 5000","5000",".800",3.179,2,".33, .33, .33","D",500,375,75,378,75.6,5,1,478,95.6,500
"Model 1","N = 5000","5000",".800",3.179,3,".60, .30, .10","0.3",500,240,48,0,0,0,0,240,48,1275
"Model 1","N = 5000","5000",".800",3.179,3,".60, .30, .10","0.5",500,258,51.6,2,0.4,0,0,258,51.6,1392
"Model 1","N = 5000","5000",".800",3.179,3,".60, .30, .10","0.7",499,249,49.9,14,2.8,0,0,253,50.7,1358
"Model 1","N = 5000","5000",".800",3.179,3,".60, .30, .10","0.9",496,271,54.6,74,14.9,0,0,299,60.3,1784
"Model 1","N = 5000","5000",".800",3.179,3,".60, .30, .10","A",500,217,43.4,3,0.6,0,0,218,43.6,1157
"Model 1","N = 5000","5000",".800",3.179,3,".60, .30, .10","B",499,236,47.3,275,55.1,8,1.6,376,75.4,3725
"Model 1","N = 5000","5000",".800",3.179,3,".60, .30, .10","C",499,262,52.5,359,71.9,0,0,434,87,25005
"Model 1","N = 5000","5000",".800",3.179,3,".60, .30, .10","D",499,339,67.9,394,79,3,0.6,458,91.8,499
"Model 2","N = 5000","5000",".800",3.179,1,".10, .30, .60","0.3",499,44,8.8,0,0,0,0,44,8.8,678
"Model 2","N = 5000","5000",".800",3.179,1,".10, .30, .60","0.5",500,46,9.2,0,0,0,0,46,9.2,682
"Model 2","N = 5000","5000",".800",3.179,1,".10, .30, .60","0.7",498,28,5.6,0,0,0,0,28,5.6,653
"Model 2","N = 5000","5000",".800",3.179,1,".10, .30, .60","0.9",499,25,5,0,0,0,0,25,5,650
"Model 2","N = 5000","5000",".800",3.179,1,".10, .30, .60","A",500,29,5.8,0,0,0,0,29,5.8,656
"Model 2","N = 5000","5000",".800",3.179,1,".10, .30, .60","B",500,32,6.4,0,0,0,0,32,6.4,661
"Model 2","N = 5000","5000",".800",3.179,1,".10, .30, .60","C",500,33,6.6,0,0,0,0,33,6.6,662
"Model 2","N = 5000","5000",".800",3.179,1,".10, .30, .60","D",500,32,6.4,0,0,0,0,32,6.4,661
"Model 2","N = 5000","5000",".800",3.179,2,".33, .33, .33","0.3",500,59,11.8,0,0,0,0,59,11.8,703
"Model 2","N = 5000","5000",".800",3.179,2,".33, .33, .33","0.5",500,69,13.8,0,0,0,0,69,13.8,720
"Model 2","N = 5000","5000",".800",3.179,2,".33, .33, .33","0.7",500,95,19,0,0,0,0,95,19,770
"Model 2","N = 5000","5000",".800",3.179,2,".33, .33, .33","0.9",500,115,23,0,0,0,0,115,23,813
"Model 2","N = 5000","5000",".800",3.179,2,".33, .33, .33","A",499,76,15.2,0,0,0,0,76,15.2,732
"Model 2","N = 5000","5000",".800",3.179,2,".33, .33, .33","B",500,78,15.6,0,0,0,0,78,15.6,737
"Model 2","N = 5000","5000",".800",3.179,2,".33, .33, .33","C",500,88,17.6,0,0,0,0,88,17.6,756
"Model 2","N = 5000","5000",".800",3.179,2,".33, .33, .33","D",500,101,20.2,0,0,0,0,101,20.2,782
"Model 2","N = 5000","5000",".800",3.179,3,".60, .30, .10","0.3",500,59,11.8,0,0,0,0,59,11.8,703
"Model 2","N = 5000","5000",".800",3.179,3,".60, .30, .10","0.5",500,67,13.4,0,0,0,0,67,13.4,717
"Model 2","N = 5000","5000",".800",3.179,3,".60, .30, .10","0.7",500,90,18,0,0,0,0,90,18,760
"Model 2","N = 5000","5000",".800",3.179,3,".60, .30, .10","0.9",500,70,14,0,0,0,0,70,14,722
"Model 2","N = 5000","5000",".800",3.179,3,".60, .30, .10","A",499,62,12.4,0,0,0,0,62,12.4,707
"Model 2","N = 5000","5000",".800",3.179,3,".60, .30, .10","B",500,67,13.4,0,0,0,0,67,13.4,717
"Model 2","N = 5000","5000",".800",3.179,3,".60, .30, .10","C",499,88,17.6,0,0,0,0,88,17.6,754
"Model 2","N = 5000","5000",".800",3.179,3,".60, .30, .10","D",500,88,17.6,0,0,0,0,88,17.6,756
"Model 3","N = 5000","5000",".800",3.179,1,".10, .30, .60","0.3",500,123,24.6,2,0.4,0,0,125,25,837
"Model 3","N = 5000","5000",".800",3.179,1,".10, .30, .60","0.5",500,132,26.4,0,0,0,0,132,26.4,854
"Model 3","N = 5000","5000",".800",3.179,1,".10, .30, .60","0.7",500,142,28.4,0,0,0,0,142,28.4,881
"Model 3","N = 5000","5000",".800",3.179,1,".10, .30, .60","0.9",500,187,37.4,0,0,0,0,187,37.4,1024
"Model 3","N = 5000","5000",".800",3.179,1,".10, .30, .60","A",500,131,26.2,1,0.2,0,0,132,26.4,854
"Model 3","N = 5000","5000",".800",3.179,1,".10, .30, .60","B",500,81,16.2,11,2.2,0,0,90,18,760
"Model 3","N = 5000","5000",".800",3.179,1,".10, .30, .60","C",499,288,57.7,250,50.1,9,1.8,389,78,4592
"Model 3","N = 5000","5000",".800",3.179,1,".10, .30, .60","D",499,328,65.7,266,53.3,4,0.8,426,85.4,13917
"Model 3","N = 5000","5000",".800",3.179,2,".33, .33, .33","0.3",500,169,33.8,0,0,0,0,169,33.8,961
"Model 3","N = 5000","5000",".800",3.179,2,".33, .33, .33","0.5",500,199,39.8,0,0,0,0,199,39.8,1072
"Model 3","N = 5000","5000",".800",3.179,2,".33, .33, .33","0.7",500,218,43.6,0,0,0,0,218,43.6,1157
"Model 3","N = 5000","5000",".800",3.179,2,".33, .33, .33","0.9",500,201,40.2,0,0,0,0,201,40.2,1080
"Model 3","N = 5000","5000",".800",3.179,2,".33, .33, .33","A",500,177,35.4,0,0,0,0,177,35.4,988
"Model 3","N = 5000","5000",".800",3.179,2,".33, .33, .33","B",500,102,20.4,0,0,0,0,102,20.4,784
"Model 3","N = 5000","5000",".800",3.179,2,".33, .33, .33","C",500,130,26,25,5,0,0,151,30.2,906
"Model 3","N = 5000","5000",".800",3.179,2,".33, .33, .33","D",500,222,44.4,44,8.8,3,0.6,246,49.2,1312
"Model 3","N = 5000","5000",".800",3.179,3,".60, .30, .10","0.3",500,131,26.2,0,0,0,0,131,26.2,852
"Model 3","N = 5000","5000",".800",3.179,3,".60, .30, .10","0.5",500,173,34.6,0,0,0,0,173,34.6,975
"Model 3","N = 5000","5000",".800",3.179,3,".60, .30, .10","0.7",500,166,33.2,0,0,0,0,166,33.2,952
"Model 3","N = 5000","5000",".800",3.179,3,".60, .30, .10","0.9",500,161,32.2,0,0,0,0,161,32.2,936
"Model 3","N = 5000","5000",".800",3.179,3,".60, .30, .10","A",500,129,25.8,0,0,0,0,129,25.8,847
"Model 3","N = 5000","5000",".800",3.179,3,".60, .30, .10","B",500,114,22.8,0,0,0,0,114,22.8,811
"Model 3","N = 5000","5000",".800",3.179,3,".60, .30, .10","C",500,108,21.6,5,1,1,0.2,112,22.4,806
"Model 3","N = 5000","5000",".800",3.179,3,".60, .30, .10","D",500,235,47,17,3.4,3,0.6,246,49.2,1312
