Model,Population,N,Mixing_proportion,Lambda,average,Parameter_Bias,SE_Bias,Power,Coverage
Model 1,0.2,N = 1000,".10, .30, .60",0.3,0.28607899999999997,43.0395,18.63162,0.476095,0.854314
Model 1,0.2,N = 1000,".10, .30, .60",0.5,0.41353799999999996,106.769,14.74517,0.6479670000000001,0.652716
Model 1,0.2,N = 1000,".10, .30, .60",0.7,0.562035,181.0175,2.05377,0.809215,0.391892
Model 1,0.2,N = 1000,".10, .30, .60",0.9,0.678149,239.0745,3.21616,0.9335330000000001,0.176028
Model 1,0.2,N = 1000,".10, .30, .60",A,0.196533,-1.7335,9.00255,0.313574,0.895036
Model 1,0.2,N = 1000,".10, .30, .60",B,0.211254,5.627,17.59186,0.360049,0.91366
Model 1,0.2,N = 1000,".10, .30, .60",C,0.211708,5.854,11.14863,0.37247399999999997,0.885298
Model 1,0.2,N = 1000,".10, .30, .60",D,0.216277,8.1385,9.35394,0.363869,0.878688
Model 1,0.2,N = 1000,".33, .33, .33",0.3,0.241479,20.7395,11.17053,0.872032,0.910108
Model 1,0.2,N = 1000,".33, .33, .33",0.5,0.314495,57.2475,11.24636,0.889816,0.673252
Model 1,0.2,N = 1000,".33, .33, .33",0.7,0.39107600000000003,95.538,5.62259,0.910308,0.462022
Model 1,0.2,N = 1000,".33, .33, .33",0.9,0.46102000000000004,130.51,7.78387,0.926324,0.275308
Model 1,0.2,N = 1000,".33, .33, .33",A,0.202149,1.0745,10.10324,0.804805,0.92613
Model 1,0.2,N = 1000,".33, .33, .33",B,0.213696,6.848,15.99583,0.7989040000000001,0.946328
Model 1,0.2,N = 1000,".33, .33, .33",C,0.22865100000000002,14.3255,11.10181,0.813656,0.925628
Model 1,0.2,N = 1000,".33, .33, .33",D,0.23652199999999998,18.261,9.9284,0.8186,0.91398
Model 1,0.2,N = 1000,".60, .30, .10",0.3,0.22906500000000002,14.5325,4.46315,0.981992,0.9056040000000001
Model 1,0.2,N = 1000,".60, .30, .10",0.5,0.269127,34.5635,4.15117,0.96788,0.706576
Model 1,0.2,N = 1000,".60, .30, .10",0.7,0.314223,57.1115,5.88163,0.958834,0.504696
Model 1,0.2,N = 1000,".60, .30, .10",0.9,0.34741099999999997,73.7055,4.54063,0.942102,0.436294
Model 1,0.2,N = 1000,".60, .30, .10",A,0.201301,0.6505,2.08354,0.978216,0.951164
Model 1,0.2,N = 1000,".60, .30, .10",B,0.214122,7.061,12.60529,0.966622,0.954774
Model 1,0.2,N = 1000,".60, .30, .10",C,0.22473200000000002,12.366,6.34224,0.963042,0.926614
Model 1,0.2,N = 1000,".60, .30, .10",D,0.23079,15.395,8.47864,0.94678,0.9098160000000001
Model 1,0.2,N = 2500,".10, .30, .60",0.3,0.28526799999999997,42.634,7.9729,0.839648,0.834716
Model 1,0.2,N = 2500,".10, .30, .60",0.5,0.418199,109.0995,7.05413,0.916304,0.450644
Model 1,0.2,N = 2500,".10, .30, .60",0.7,0.563746,181.873,3.11396,0.968916,0.177892
Model 1,0.2,N = 2500,".10, .30, .60",0.9,0.66563,232.815,5.99935,0.987824,0.037722
Model 1,0.2,N = 2500,".10, .30, .60",A,0.18157199999999998,-9.214,10.66793,0.545413,0.947854
Model 1,0.2,N = 2500,".10, .30, .60",B,0.197193,-1.4035,9.81902,0.6568660000000001,0.939698
Model 1,0.2,N = 2500,".10, .30, .60",C,0.19143000000000002,-4.285,11.99986,0.59231,0.93581
Model 1,0.2,N = 2500,".10, .30, .60",D,0.19425,-2.875,10.70323,0.595699,0.931866
Model 1,0.2,N = 2500,".33, .33, .33",0.3,0.24065299999999998,20.3265,11.11744,1,0.882606
Model 1,0.2,N = 2500,".33, .33, .33",0.5,0.310714,55.357,7.96857,0.997204,0.427778
Model 1,0.2,N = 2500,".33, .33, .33",0.7,0.39395600000000003,96.978,10.31382,0.99733,0.119646
Model 1,0.2,N = 2500,".33, .33, .33",0.9,0.455954,127.977,5.80372,0.98946,0.07050000000000001
Model 1,0.2,N = 2500,".33, .33, .33",A,0.204896,2.448,6.72646,0.988714,0.960384
Model 1,0.2,N = 2500,".33, .33, .33",B,0.216179,8.0895,6.04005,0.996668,0.94022
Model 1,0.2,N = 2500,".33, .33, .33",C,0.228351,14.1755,5.67615,0.987494,0.917702
Model 1,0.2,N = 2500,".33, .33, .33",D,0.239474,19.737,9.48868,0.994418,0.887952
Model 1,0.2,N = 2500,".60, .30, .10",0.3,0.227239,13.6195,4.51915,1,0.859516
Model 1,0.2,N = 2500,".60, .30, .10",0.5,0.27010100000000004,35.0505,0.48437,1,0.43231
Model 1,0.2,N = 2500,".60, .30, .10",0.7,0.314509,57.2545,2.26513,0.995528,0.176774
Model 1,0.2,N = 2500,".60, .30, .10",0.9,0.34391499999999997,71.9575,2.12086,0.998598,0.180764
Model 1,0.2,N = 2500,".60, .30, .10",A,0.200711,0.3555,-2.43011,0.99859,0.9334020000000001
Model 1,0.2,N = 2500,".60, .30, .10",B,0.214252,7.126,3.3136,1,0.926504
Model 1,0.2,N = 2500,".60, .30, .10",C,0.22481,12.405,3.13825,1,0.871074
Model 1,0.2,N = 2500,".60, .30, .10",D,0.231666,15.833,0.04949000000000001,0.998842,0.824778
Model 1,0.2,N = 500,".10, .30, .60",0.3,0.289303,44.6515,22.44209,0.336549,0.830212
Model 1,0.2,N = 500,".10, .30, .60",0.5,0.41964,109.82,4.0622,0.566252,0.657706
Model 1,0.2,N = 500,".10, .30, .60",0.7,0.5581010000000001,179.0505,-12.50892,0.741675,0.41765
Model 1,0.2,N = 500,".10, .30, .60",0.9,0.663366,231.683,-3.79392,0.849941,0.304184
Model 1,0.2,N = 500,".10, .30, .60",A,0.228053,14.0265,4.71431,0.300674,0.80267
Model 1,0.2,N = 500,".10, .30, .60",B,0.230389,15.1945,9.45801,0.29984,0.82011
Model 1,0.2,N = 500,".10, .30, .60",C,0.221675,10.8375,1.96066,0.286398,0.791498
Model 1,0.2,N = 500,".10, .30, .60",D,0.240817,20.4085,-7.58378,0.366789,0.75344
Model 1,0.2,N = 500,".33, .33, .33",0.3,0.241858,20.929,12.27681,0.595657,0.90528
Model 1,0.2,N = 500,".33, .33, .33",0.5,0.310904,55.452,0.83144,0.706433,0.74775
Model 1,0.2,N = 500,".33, .33, .33",0.7,0.39174600000000004,95.873,0.05898,0.776794,0.580156
Model 1,0.2,N = 500,".33, .33, .33",0.9,0.45619000000000004,128.095,-0.48979,0.8268679999999999,0.421856
Model 1,0.2,N = 500,".33, .33, .33",A,0.200913,0.4565,0.72312,0.544676,0.905518
Model 1,0.2,N = 500,".33, .33, .33",B,0.218631,9.3155,13.02805,0.534518,0.9235140000000001
Model 1,0.2,N = 500,".33, .33, .33",C,0.22417900000000002,12.0895,10.1054,0.559679,0.891612
Model 1,0.2,N = 500,".33, .33, .33",D,0.24007499999999998,20.0375,13.17388,0.55489,0.894586
Model 1,0.2,N = 500,".60, .30, .10",0.3,0.23112000000000002,15.56,3.45035,0.844272,0.897334
Model 1,0.2,N = 500,".60, .30, .10",0.5,0.26418600000000003,32.093,7.49182,0.849569,0.815978
Model 1,0.2,N = 500,".60, .30, .10",0.7,0.307825,53.9125,-5.70876,0.846927,0.628064
Model 1,0.2,N = 500,".60, .30, .10",0.9,0.34615799999999997,73.079,3.07279,0.8286359999999999,0.5475260000000001
Model 1,0.2,N = 500,".60, .30, .10",A,0.19373600000000002,-3.132,-3.01398,0.801752,0.918184
Model 1,0.2,N = 500,".60, .30, .10",B,0.21329,6.645,10.25556,0.801924,0.933588
Model 1,0.2,N = 500,".60, .30, .10",C,0.224199,12.0995,4.12724,0.795092,0.915164
Model 1,0.2,N = 500,".60, .30, .10",D,0.224933,12.4665,2.5293200000000002,0.778545,0.9047580000000001
Model 1,0.2,N = 5000,".10, .30, .60",0.3,0.27831100000000003,39.1555,1.06435,0.977188,0.745846
Model 1,0.2,N = 5000,".10, .30, .60",0.5,0.41575999999999996,107.88,0.97905,1,0.18726
Model 1,0.2,N = 5000,".10, .30, .60",0.7,0.5651579999999999,182.579,3.12568,0.99716,0.031634
Model 1,0.2,N = 5000,".10, .30, .60",0.9,0.663834,231.917,8.62152,1,0.004334
Model 1,0.2,N = 5000,".10, .30, .60",A,0.181553,-9.2235,1.16068,0.843492,0.914512
Model 1,0.2,N = 5000,".10, .30, .60",B,0.19587500000000002,-2.0625,3.66436,0.923548,0.952904
Model 1,0.2,N = 5000,".10, .30, .60",C,0.19287200000000002,-3.564,4.98235,0.919312,0.942824
Model 1,0.2,N = 5000,".10, .30, .60",D,0.18904,-5.48,-0.08246999999999997,0.86222,0.925564
Model 1,0.2,N = 5000,".33, .33, .33",0.3,0.24157199999999998,20.786,2.42844,1,0.738706
Model 1,0.2,N = 5000,".33, .33, .33",0.5,0.3136,56.8,2.60116,1,0.130956
Model 1,0.2,N = 5000,".33, .33, .33",0.7,0.397561,98.7805,7.85514,1,0.002712
Model 1,0.2,N = 5000,".33, .33, .33",0.9,0.459768,129.884,6.77281,1,0
Model 1,0.2,N = 5000,".33, .33, .33",A,0.204544,2.272,9.46727,1,0.94658
Model 1,0.2,N = 5000,".33, .33, .33",B,0.217504,8.752,6.57378,1,0.926338
Model 1,0.2,N = 5000,".33, .33, .33",C,0.229215,14.6075,6.25627,1,0.858614
Model 1,0.2,N = 5000,".33, .33, .33",D,0.239561,19.7805,6.34018,1,0.7830360000000001
Model 1,0.2,N = 5000,".60, .30, .10",0.3,0.226852,13.426,9.59494,1,0.76007
Model 1,0.2,N = 5000,".60, .30, .10",0.5,0.26868800000000004,34.344,3.30322,1,0.151794
Model 1,0.2,N = 5000,".60, .30, .10",0.7,0.317075,58.5375,4.92403,1,0.01621
Model 1,0.2,N = 5000,".60, .30, .10",0.9,0.342298,71.149,0.9550599999999999,1,0.042424
Model 1,0.2,N = 5000,".60, .30, .10",A,0.20086900000000002,0.4345,7.331169999999999,1,0.965962
Model 1,0.2,N = 5000,".60, .30, .10",B,0.213724,6.862,0.38937000000000005,1,0.9094
Model 1,0.2,N = 5000,".60, .30, .10",C,0.222659,11.3295,6.1238399999999995,1,0.847646
Model 1,0.2,N = 5000,".60, .30, .10",D,0.23045000000000002,15.225,0.44681999999999994,1,0.75639
Model 1,0.8,N = 1000,".10, .30, .60",0.3,0.794332,-0.71033,17.19823,0.987382,0.948508
Model 1,0.8,N = 1000,".10, .30, .60",0.5,0.8210449999999999,2.62831,11.74315,0.985954,0.908636
Model 1,0.8,N = 1000,".10, .30, .60",0.7,0.8617319999999999,7.71401,15.35497,0.987792,0.813226
Model 1,0.8,N = 1000,".10, .30, .60",0.9,0.9032870000000001,12.908389999999999,10.16022,0.992842,0.645126
Model 1,0.8,N = 1000,".10, .30, .60",A,0.7381679999999999,-7.73152,16.2953,0.9692259999999999,0.910562
Model 1,0.8,N = 1000,".10, .30, .60",B,0.6796540000000001,-15.04296,14.97916,0.963776,0.876906
Model 1,0.8,N = 1000,".10, .30, .60",C,0.654836,-18.14711,13.97981,0.945052,0.842756
Model 1,0.8,N = 1000,".10, .30, .60",D,0.646607,-19.17645,15.02452,0.930404,0.826276
Model 1,0.8,N = 1000,".33, .33, .33",0.3,0.81039,1.29988,3.09264,1,0.93603
Model 1,0.8,N = 1000,".33, .33, .33",0.5,0.8216469999999999,2.70328,2.44566,0.99855,0.925656
Model 1,0.8,N = 1000,".33, .33, .33",0.7,0.837997,4.74724,4.80243,1,0.85693
Model 1,0.8,N = 1000,".33, .33, .33",0.9,0.854762,6.84286,8.13155,0.99891,0.800206
Model 1,0.8,N = 1000,".33, .33, .33",A,0.773352,-3.33362,3.78483,0.996096,0.9435939999999999
Model 1,0.8,N = 1000,".33, .33, .33",B,0.764769,-4.40636,10.1276,0.997326,0.935204
Model 1,0.8,N = 1000,".33, .33, .33",C,0.760182,-4.97974,14.15799,0.997386,0.936114
Model 1,0.8,N = 1000,".33, .33, .33",D,0.753229,-5.84897,11.29824,0.998248,0.926678
Model 1,0.8,N = 1000,".60, .30, .10",0.3,0.7995950000000001,-0.0511,1.37926,0.998514,0.965772
Model 1,0.8,N = 1000,".60, .30, .10",0.5,0.805416,0.67948,-2.82206,1,0.942958
Model 1,0.8,N = 1000,".60, .30, .10",0.7,0.8136519999999999,1.70518,-2.6058,0.998746,0.916616
Model 1,0.8,N = 1000,".60, .30, .10",0.9,0.81709,2.13381,1.47635,0.998802,0.906734
Model 1,0.8,N = 1000,".60, .30, .10",A,0.778483,-2.69201,-13.28511,0.996912,0.951614
Model 1,0.8,N = 1000,".60, .30, .10",B,0.7895220000000001,-1.31233,4.04502,0.998276,0.9546319999999999
Model 1,0.8,N = 1000,".60, .30, .10",C,0.785761,-1.78241,4.33013,0.99902,0.96278
Model 1,0.8,N = 1000,".60, .30, .10",D,0.788481,-1.44228,8.506,0.995178,0.9532579999999999
Model 1,0.8,N = 2500,".10, .30, .60",0.3,0.806544,0.82022,7.73639,1,0.94696
Model 1,0.8,N = 2500,".10, .30, .60",0.5,0.83577,4.46861,8.04035,1,0.912458
Model 1,0.8,N = 2500,".10, .30, .60",0.7,0.871731,8.96373,8.19864,1,0.762316
Model 1,0.8,N = 2500,".10, .30, .60",0.9,0.91218,14.01999,7.34538,1,0.560276
Model 1,0.8,N = 2500,".10, .30, .60",A,0.766374,-4.20583,6.49531,1,0.9337340000000001
Model 1,0.8,N = 2500,".10, .30, .60",B,0.696796,-12.903,4.97161,0.999444,0.747048
Model 1,0.8,N = 2500,".10, .30, .60",C,0.671095,-16.11306,6.59371,0.998306,0.642898
Model 1,0.8,N = 2500,".10, .30, .60",D,0.657714,-17.78666,9.35463,0.998824,0.60689
Model 1,0.8,N = 2500,".33, .33, .33",0.3,0.8073450000000001,0.92044,-0.23923999999999998,1,0.927694
Model 1,0.8,N = 2500,".33, .33, .33",0.5,0.8236859999999999,2.9582,1.8693499999999998,1,0.887178
Model 1,0.8,N = 2500,".33, .33, .33",0.7,0.838696,4.8345,0.96488,1,0.754
Model 1,0.8,N = 2500,".33, .33, .33",0.9,0.85104899999999994,6.37851,-1.13286,1,0.717086
Model 1,0.8,N = 2500,".33, .33, .33",A,0.780126,-2.4868099999999997,-0.30595,1,0.913682
Model 1,0.8,N = 2500,".33, .33, .33",B,0.76748,-4.0675799999999995,0.86744,1,0.853196
Model 1,0.8,N = 2500,".33, .33, .33",C,0.760675,-4.91819,-1.02906,1,0.8358019999999999
Model 1,0.8,N = 2500,".33, .33, .33",D,0.758012,-5.2511,4.68506,1,0.81996
Model 1,0.8,N = 2500,".60, .30, .10",0.3,0.8016690000000001,0.2109,-2.69501,1,0.95472
Model 1,0.8,N = 2500,".60, .30, .10",0.5,0.8085030000000001,1.06521,2.08073,1,0.9242600000000001
Model 1,0.8,N = 2500,".60, .30, .10",0.7,0.8151259999999999,1.88833,-16.39126,1,0.8515619999999999
Model 1,0.8,N = 2500,".60, .30, .10",0.9,0.8164499999999999,2.05371,-4.31639,1,0.87894
Model 1,0.8,N = 2500,".60, .30, .10",A,0.781551,-2.30863,-0.67755,1,0.888866
Model 1,0.8,N = 2500,".60, .30, .10",B,0.789157,-1.35775,-0.90525,1,0.9338380000000001
Model 1,0.8,N = 2500,".60, .30, .10",C,0.788586,-1.4292,2.37751,1,0.9446559999999999
Model 1,0.8,N = 2500,".60, .30, .10",D,0.787347,-1.58399,-2.74497,0.999112,0.93236
Model 1,0.8,N = 500,".10, .30, .60",0.3,0.7603300000000001,-4.9613,16.88231,0.91186,0.918608
Model 1,0.8,N = 500,".10, .30, .60",0.5,0.8020970000000001,0.26243,6.46015,0.933211,0.881416
Model 1,0.8,N = 500,".10, .30, .60",0.7,0.83334,4.16497,4.76571,0.94179,0.815158
Model 1,0.8,N = 500,".10, .30, .60",0.9,0.880251,10.028889999999999,11.46709,0.9530259999999999,0.6908299999999999
Model 1,0.8,N = 500,".10, .30, .60",A,0.694565,-13.18103,8.84014,0.849331,0.837112
Model 1,0.8,N = 500,".10, .30, .60",B,0.6545000000000001,-18.18878,15.13381,0.85269,0.854066
Model 1,0.8,N = 500,".10, .30, .60",C,0.639761,-20.032329999999998,18.53449,0.830187,0.842372
Model 1,0.8,N = 500,".10, .30, .60",D,0.626274,-21.71831,15.1601,0.812337,0.817452
Model 1,0.8,N = 500,".33, .33, .33",0.3,0.7979010000000001,-0.26327,6.77183,0.995946,0.942404
Model 1,0.8,N = 500,".33, .33, .33",0.5,0.8147409999999999,1.84128,12.76279,0.994038,0.9412659999999999
Model 1,0.8,N = 500,".33, .33, .33",0.7,0.835205,4.3980500000000005,9.94202,0.98633,0.89193
Model 1,0.8,N = 500,".33, .33, .33",0.9,0.8446469999999999,5.57833,8.81686,0.992314,0.83605
Model 1,0.8,N = 500,".33, .33, .33",A,0.758251,-5.22122,-4.28449,0.980474,0.941528
Model 1,0.8,N = 500,".33, .33, .33",B,0.75185,-6.02131,0.63556,0.985402,0.936538
Model 1,0.8,N = 500,".33, .33, .33",C,0.745879,-6.76762,0.68602,0.977806,0.93682
Model 1,0.8,N = 500,".33, .33, .33",D,0.740925,-7.38679,-0.59627,0.97602,0.942152
Model 1,0.8,N = 500,".60, .30, .10",0.3,0.793033,-0.87326,-10.23055,0.990672,0.94114
Model 1,0.8,N = 500,".60, .30, .10",0.5,0.8000200000000001,0.0025399999999999997,-4.5701600000000004,0.99234,0.947646
Model 1,0.8,N = 500,".60, .30, .10",0.7,0.8087460000000001,1.09498,-0.13678000000000004,0.993236,0.932338
Model 1,0.8,N = 500,".60, .30, .10",0.9,0.8174739999999999,2.1823,-12.47851,0.996154,0.884614
Model 1,0.8,N = 500,".60, .30, .10",A,0.756827,-5.3991,-23.50084,0.978779,0.92947
Model 1,0.8,N = 500,".60, .30, .10",B,0.778012,-2.75094,-9.60622,0.9878979999999999,0.95672
Model 1,0.8,N = 500,".60, .30, .10",C,0.773553,-3.30829,-13.80619,0.98369,0.95024
Model 1,0.8,N = 500,".60, .30, .10",D,0.766462,-4.19461,-18.7254,0.969024,0.937654
Model 1,0.8,N = 5000,".10, .30, .60",0.3,0.811642,1.4556,6.00223,1,0.959776
Model 1,0.8,N = 5000,".10, .30, .60",0.5,0.8380599999999999,4.75501,11.04396,1,0.904458
Model 1,0.8,N = 5000,".10, .30, .60",0.7,0.874695,9.33437,5.14007,1,0.631186
Model 1,0.8,N = 5000,".10, .30, .60",0.9,0.916567,14.56932,3.15279,0.999226,0.304102
Model 1,0.8,N = 5000,".10, .30, .60",A,0.771777,-3.53032,2.11175,1,0.924506
Model 1,0.8,N = 5000,".10, .30, .60",B,0.6940029999999999,-13.252130000000001,4.4416899999999995,1,0.5166040000000001
Model 1,0.8,N = 5000,".10, .30, .60",C,0.672189,-15.97637,3.41571,1,0.391834
Model 1,0.8,N = 5000,".10, .30, .60",D,0.6583100000000001,-17.71181,3.2637899999999997,1,0.337216
Model 1,0.8,N = 5000,".33, .33, .33",0.3,0.808203,1.02787,2.7414799999999997,1,0.93287
Model 1,0.8,N = 5000,".33, .33, .33",0.5,0.823608,2.94858,-2.10872,1,0.8279
Model 1,0.8,N = 5000,".33, .33, .33",0.7,0.841433,5.1766,2.79251,1,0.589572
Model 1,0.8,N = 5000,".33, .33, .33",0.9,0.849735,6.21453,3.9731899999999998,1,0.586942
Model 1,0.8,N = 5000,".33, .33, .33",A,0.780332,-2.46106,3.5566,1,0.885306
Model 1,0.8,N = 5000,".33, .33, .33",B,0.767081,-4.11748,-1.42018,1,0.756564
Model 1,0.8,N = 5000,".33, .33, .33",C,0.761594,-4.80329,-1.69774,1,0.6572520000000001
Model 1,0.8,N = 5000,".33, .33, .33",D,0.758296,-5.21539,2.7481500000000003,1,0.680328
Model 1,0.8,N = 5000,".60, .30, .10",0.3,0.802409,0.30354,7.98051,1,0.963634
Model 1,0.8,N = 5000,".60, .30, .10",0.5,0.8087200000000001,1.0925099999999999,1.86724,1,0.920786
Model 1,0.8,N = 5000,".60, .30, .10",0.7,0.8159789999999999,1.9947700000000002,-7.64548,1,0.816846
Model 1,0.8,N = 5000,".60, .30, .10",0.9,0.812095,1.51161,1.74045,1,0.883302
Model 1,0.8,N = 5000,".60, .30, .10",A,0.781029,-2.37411,-2.28619,1,0.811362
Model 1,0.8,N = 5000,".60, .30, .10",B,0.7890980000000001,-1.36548,1.68726,1,0.9235760000000001
Model 1,0.8,N = 5000,".60, .30, .10",C,0.78752200000000006,-1.56218,-0.72528,1,0.913188
Model 1,0.8,N = 5000,".60, .30, .10",D,0.787639,-1.5476699999999999,-1.0281799999999999,1,0.9194140000000001
Model 2,0.2,N = 1000,".10, .30, .60",0.3,0.212952,6.476,-0.70897,0.9644619999999999,0.9356
Model 2,0.2,N = 1000,".10, .30, .60",0.5,0.241747,20.8735,-11.26892,0.971274,0.9134180000000001
Model 2,0.2,N = 1000,".10, .30, .60",0.7,0.301649,50.8245,-11.93969,0.967926,0.769222
Model 2,0.2,N = 1000,".10, .30, .60",0.9,0.428967,114.4835,-11.47507,0.955746,0.34442
Model 2,0.2,N = 1000,".10, .30, .60",A,0.209289,4.6445,-10.33138,0.972946,0.929292
Model 2,0.2,N = 1000,".10, .30, .60",B,0.22087,10.435,-20.19275,0.962148,0.921636
Model 2,0.2,N = 1000,".10, .30, .60",C,0.224277,12.1385,-19.0903,0.93996,0.91952
Model 2,0.2,N = 1000,".10, .30, .60",D,0.222959,11.4795,-10.89253,0.900558,0.925098
Model 2,0.2,N = 1000,".33, .33, .33",0.3,0.21293499999999999,6.4675,-40.61507,1,0.936636
Model 2,0.2,N = 1000,".33, .33, .33",0.5,0.221278,10.639,-30.51363,1,0.915998
Model 2,0.2,N = 1000,".33, .33, .33",0.7,0.247549,23.7745,-31.14215,1,0.795652
Model 2,0.2,N = 1000,".33, .33, .33",0.9,0.306247,53.1235,-23.41991,1,0.519286
Model 2,0.2,N = 1000,".33, .33, .33",A,0.207553,3.7765,-38.00535,1,0.929692
Model 2,0.2,N = 1000,".33, .33, .33",B,0.20613199999999998,3.066,-32.42361,1,0.940574
Model 2,0.2,N = 1000,".33, .33, .33",C,0.213006,6.503,-48.0875,1,0.9237960000000001
Model 2,0.2,N = 1000,".33, .33, .33",D,0.209274,4.637,-39.69614,1,0.93159
Model 2,0.2,N = 1000,".60, .30, .10",0.3,0.21085199999999998,5.426,-61.80088,1,0.920994
Model 2,0.2,N = 1000,".60, .30, .10",0.5,0.21315299999999998,6.5765,-55.73327,1,0.9347
Model 2,0.2,N = 1000,".60, .30, .10",0.7,0.220582,10.291,-53.02965,1,0.905622
Model 2,0.2,N = 1000,".60, .30, .10",0.9,0.233979,16.9895,-40.28539,1,0.84904
Model 2,0.2,N = 1000,".60, .30, .10",A,0.210041,5.0205,-62.71434,1,0.908168
Model 2,0.2,N = 1000,".60, .30, .10",B,0.21001899999999998,5.0095,-60.63971,1,0.915114
Model 2,0.2,N = 1000,".60, .30, .10",C,0.209347,4.6735,-58.477850000000004,1,0.9171860000000001
Model 2,0.2,N = 1000,".60, .30, .10",D,0.210107,5.0535,-59.83353,1,0.920846
Model 2,0.2,N = 2500,".10, .30, .60",0.3,0.214088,7.044,-26.03784,1,0.936102
Model 2,0.2,N = 2500,".10, .30, .60",0.5,0.239748,19.874,-21.17364,1,0.85841
Model 2,0.2,N = 2500,".10, .30, .60",0.7,0.297593,48.7965,-25.17648,1,0.527366
Model 2,0.2,N = 2500,".10, .30, .60",0.9,0.43057,115.285,-9.6412,0.980932,0.132576
Model 2,0.2,N = 2500,".10, .30, .60",A,0.208482,4.241,-20.94272,1,0.933326
Model 2,0.2,N = 2500,".10, .30, .60",B,0.216613,8.3065,-24.66976,1,0.9191520000000001
Model 2,0.2,N = 2500,".10, .30, .60",C,0.218628,9.314,-28.83601,1,0.905352
Model 2,0.2,N = 2500,".10, .30, .60",D,0.220427,10.2135,-26.72558,0.998494,0.919956
Model 2,0.2,N = 2500,".33, .33, .33",0.3,0.209782,4.891,-49.85425,1,0.930736
Model 2,0.2,N = 2500,".33, .33, .33",0.5,0.222785,11.3925,-53.08835,1,0.856286
Model 2,0.2,N = 2500,".33, .33, .33",0.7,0.242756,21.378,-39.35574,1,0.598788
Model 2,0.2,N = 2500,".33, .33, .33",0.9,0.298749,49.3745,-30.64113,1,0.1729
Model 2,0.2,N = 2500,".33, .33, .33",A,0.2062,3.1,-50.51195,1,0.928592
Model 2,0.2,N = 2500,".33, .33, .33",B,0.20885599999999999,4.428,-54.58633,1,0.928544
Model 2,0.2,N = 2500,".33, .33, .33",C,0.212457,6.2285,-62.23248,1,0.91446
Model 2,0.2,N = 2500,".33, .33, .33",D,0.211553,5.7765,-59.799549999999996,1,0.92105
Model 2,0.2,N = 2500,".60, .30, .10",0.3,0.210498,5.249,-71.6946,1,0.929744
Model 2,0.2,N = 2500,".60, .30, .10",0.5,0.217807,8.9035,-74.25819,1,0.9121520000000001
Model 2,0.2,N = 2500,".60, .30, .10",0.7,0.220339,10.1695,-68.07156,1,0.840622
Model 2,0.2,N = 2500,".60, .30, .10",0.9,0.232165,16.0825,-52.721309999999995,1,0.62728
Model 2,0.2,N = 2500,".60, .30, .10",A,0.213745,6.8725,-77.10755,1,0.916892
Model 2,0.2,N = 2500,".60, .30, .10",B,0.212562,6.281,-75.34488,1,0.9205260000000001
Model 2,0.2,N = 2500,".60, .30, .10",C,0.211063,5.5315,-71.41726,1,0.917398
Model 2,0.2,N = 2500,".60, .30, .10",D,0.21133,5.665,-70.32742,1,0.917852
Model 2,0.2,N = 500,".10, .30, .60",0.3,0.221178,10.589,-5.23847,0.745668,0.933342
Model 2,0.2,N = 500,".10, .30, .60",0.5,0.247609,23.8045,2.10952,0.748742,0.926484
Model 2,0.2,N = 500,".10, .30, .60",0.7,0.311147,55.5735,2.62196,0.8029660000000001,0.83267
Model 2,0.2,N = 500,".10, .30, .60",0.9,0.434861,117.4305,-1.44179,0.86603,0.467262
Model 2,0.2,N = 500,".10, .30, .60",A,0.21451499999999998,7.2575,-7.15753,0.756851,0.9101600000000001
Model 2,0.2,N = 500,".10, .30, .60",B,0.221191,10.5955,-6.91036,0.740528,0.921722
Model 2,0.2,N = 500,".10, .30, .60",C,0.227692,13.846,-10.72781,0.716921,0.912012
Model 2,0.2,N = 500,".10, .30, .60",D,0.227311,13.6555,-7.08121,0.6698310000000001,0.914234
Model 2,0.2,N = 500,".33, .33, .33",0.3,0.20908,4.54,-21.94107,0.985796,0.928606
Model 2,0.2,N = 500,".33, .33, .33",0.5,0.219936,9.968,-19.2592,0.988868,0.909618
Model 2,0.2,N = 500,".33, .33, .33",0.7,0.24709,23.545,-12.70934,0.98214,0.883418
Model 2,0.2,N = 500,".33, .33, .33",0.9,0.308066,54.033,-10.498240000000001,0.968028,0.670878
Model 2,0.2,N = 500,".33, .33, .33",A,0.205017,2.5085,-20.5287,0.996972,0.9190980000000001
Model 2,0.2,N = 500,".33, .33, .33",B,0.207653,3.8265,-31.17047,0.98931,0.90845
Model 2,0.2,N = 500,".33, .33, .33",C,0.20566299999999998,2.8315,-24.09753,0.987804,0.912962
Model 2,0.2,N = 500,".33, .33, .33",D,0.20857399999999998,4.287,-30.05479,0.986412,0.9092020000000001
Model 2,0.2,N = 500,".60, .30, .10",0.3,0.208342,4.171,-47.04114,0.998472,0.911424
Model 2,0.2,N = 500,".60, .30, .10",0.5,0.208646,4.323,-35.57168,1,0.923814
Model 2,0.2,N = 500,".60, .30, .10",0.7,0.220629,10.3145,-42.98384,0.998424,0.89552
Model 2,0.2,N = 500,".60, .30, .10",0.9,0.237725,18.8625,-39.74319,0.998484,0.869876
Model 2,0.2,N = 500,".60, .30, .10",A,0.204814,2.407,-42.47275,1,0.913744
Model 2,0.2,N = 500,".60, .30, .10",B,0.208808,4.404,-50.54903,1,0.9043760000000001
Model 2,0.2,N = 500,".60, .30, .10",C,0.207266,3.633,-47.76467,1,0.905394
Model 2,0.2,N = 500,".60, .30, .10",D,0.207875,3.9375,-49.52237,1,0.904186
Model 2,0.2,N = 5000,".10, .30, .60",0.3,0.213757,6.8785,-27.81199,1,0.924874
Model 2,0.2,N = 5000,".10, .30, .60",0.5,0.243549,21.7745,-47.74573,1,0.759518
Model 2,0.2,N = 5000,".10, .30, .60",0.7,0.292394,46.197,-26.32296,1,0.20779
Model 2,0.2,N = 5000,".10, .30, .60",0.9,0.422456,111.228,-11.51731,0.99348,0.042122
Model 2,0.2,N = 5000,".10, .30, .60",A,0.209006,4.503,-34.64455,1,0.93508
Model 2,0.2,N = 5000,".10, .30, .60",B,0.212318,6.159,-14.6695,1,0.9250160000000001
Model 2,0.2,N = 5000,".10, .30, .60",C,0.219032,9.516,-38.0991,1,0.898532
Model 2,0.2,N = 5000,".10, .30, .60",D,0.221176,10.588,-44.89112,1,0.902718
Model 2,0.2,N = 5000,".33, .33, .33",0.3,0.21110099999999998,5.5505,-67.23333,1,0.92701
Model 2,0.2,N = 5000,".33, .33, .33",0.5,0.22359500000000002,11.7975,-69.48273999999999,1,0.77893
Model 2,0.2,N = 5000,".33, .33, .33",0.7,0.245314,22.657,-63.47497,1,0.31792
Model 2,0.2,N = 5000,".33, .33, .33",0.9,0.298106,49.053,-46.04312,1,0.01568
Model 2,0.2,N = 5000,".33, .33, .33",A,0.205055,2.5275,-58.66877,1,0.9416059999999999
Model 2,0.2,N = 5000,".33, .33, .33",B,0.207846,3.923,-61.00078,1,0.931352
Model 2,0.2,N = 5000,".33, .33, .33",C,0.209926,4.963,-65.60008,1,0.932076
Model 2,0.2,N = 5000,".33, .33, .33",D,0.210777,5.3885,-68.05458,1,0.935736
Model 2,0.2,N = 5000,".60, .30, .10",0.3,0.219472,9.736,-85.74155999999999,1,0.889826
Model 2,0.2,N = 5000,".60, .30, .10",0.5,0.218685,9.3425,-83.17504,1,0.88276
Model 2,0.2,N = 5000,".60, .30, .10",0.7,0.223529,11.7645,-79.29275,1,0.726488
Model 2,0.2,N = 5000,".60, .30, .10",0.9,0.232349,16.1745,-63.15178,1,0.317478
Model 2,0.2,N = 5000,".60, .30, .10",A,0.21165399999999998,5.827,-81.78724,1,0.916876
Model 2,0.2,N = 5000,".60, .30, .10",B,0.214236,7.118,-82.53559,1,0.9052520000000001
Model 2,0.2,N = 5000,".60, .30, .10",C,0.213549,6.7745,-80.80222,1,0.909114
Model 2,0.2,N = 5000,".60, .30, .10",D,0.210124,5.062,-76.40115,1,0.907964
Model 2,0.8,N = 1000,".10, .30, .60",0.3,0.8008820000000001,0.11075,-16.58605,1,0.920436
Model 2,0.8,N = 1000,".10, .30, .60",0.5,0.799555,-0.05588,-27.58531,1,0.890072
Model 2,0.8,N = 1000,".10, .30, .60",0.7,0.819538,2.43999,-26.96673,1,0.887166
Model 2,0.8,N = 1000,".10, .30, .60",0.9,0.838519,4.81247,-44.23374,1,0.739368
Model 2,0.8,N = 1000,".10, .30, .60",A,0.8006540000000001,0.08211,-16.33567,1,0.913402
Model 2,0.8,N = 1000,".10, .30, .60",B,0.8091590000000001,1.14633,-23.87959,1,0.885884
Model 2,0.8,N = 1000,".10, .30, .60",C,0.822275,2.78179,-19.73989,1,0.876078
Model 2,0.8,N = 1000,".10, .30, .60",D,0.835397,4.42206,-17.92296,1,0.8572919999999999
Model 2,0.8,N = 1000,".33, .33, .33",0.3,0.790216,-1.22533,-52.70334,1,0.898958
Model 2,0.8,N = 1000,".33, .33, .33",0.5,0.7914640000000001,-1.0695299999999999,-53.0644,1,0.887456
Model 2,0.8,N = 1000,".33, .33, .33",0.7,0.800945,0.11882,-54.66385,1,0.867414
Model 2,0.8,N = 1000,".33, .33, .33",0.9,0.822229,2.77615,-49.18016,1,0.78894
Model 2,0.8,N = 1000,".33, .33, .33",A,0.7902220000000001,-1.22488,-53.99402,1,0.88956
Model 2,0.8,N = 1000,".33, .33, .33",B,0.799594,-0.05116,-49.58758,1,0.8992680000000001
Model 2,0.8,N = 1000,".33, .33, .33",C,0.800054,0.006860000000000001,-56.70735,1,0.867176
Model 2,0.8,N = 1000,".33, .33, .33",D,0.804497,0.56419,-54.79565,1,0.858298
Model 2,0.8,N = 1000,".60, .30, .10",0.3,0.780495,-2.44082,-67.33559,1,0.9010480000000001
Model 2,0.8,N = 1000,".60, .30, .10",0.5,0.783618,-2.0502599999999997,-61.57341,1,0.9006540000000001
Model 2,0.8,N = 1000,".60, .30, .10",0.7,0.781348,-2.33398,-60.41285,1,0.897686
Model 2,0.8,N = 1000,".60, .30, .10",0.9,0.787867,-1.51912,-56.44231,1,0.9057000000000001
Model 2,0.8,N = 1000,".60, .30, .10",A,0.783794,-2.02818,-68.43861,1,0.9009940000000001
Model 2,0.8,N = 1000,".60, .30, .10",B,0.792348,-0.95909,-64.47377,1,0.893008
Model 2,0.8,N = 1000,".60, .30, .10",C,0.796394,-0.45286,-63.02053,1,0.883744
Model 2,0.8,N = 1000,".60, .30, .10",D,0.79398,-0.75488,-66.15817,1,0.876336
Model 2,0.8,N = 2500,".10, .30, .60",0.3,0.801065,0.13395,-34.78054,1,0.935524
Model 2,0.8,N = 2500,".10, .30, .60",0.5,0.807482,0.93728,-39.50928,1,0.900292
Model 2,0.8,N = 2500,".10, .30, .60",0.7,0.813016,1.6262400000000001,-57.29251,1,0.787782
Model 2,0.8,N = 2500,".10, .30, .60",0.9,0.849443,6.17786,-56.12256,1,0.537984
Model 2,0.8,N = 2500,".10, .30, .60",A,0.802753,0.34592,-27.33077,1,0.938218
Model 2,0.8,N = 2500,".10, .30, .60",B,0.812306,1.53804,-38.65069,1,0.883372
Model 2,0.8,N = 2500,".10, .30, .60",C,0.824627,3.07585,-42.1898,1,0.80800400000000006
Model 2,0.8,N = 2500,".10, .30, .60",D,0.834013,4.24913,-45.67947,1,0.739644
Model 2,0.8,N = 2500,".33, .33, .33",0.3,0.7858850000000001,-1.76688,-70.20569,1,0.9076580000000001
Model 2,0.8,N = 2500,".33, .33, .33",0.5,0.793189,-0.85383,-67.72571,1,0.914238
Model 2,0.8,N = 2500,".33, .33, .33",0.7,0.804836,0.60684,-66.10479,1,0.852916
Model 2,0.8,N = 2500,".33, .33, .33",0.9,0.8182579999999999,2.27985,-69.05651,1,0.63737
Model 2,0.8,N = 2500,".33, .33, .33",A,0.7847120000000001,-1.91351,-73.5166,1,0.885184
Model 2,0.8,N = 2500,".33, .33, .33",B,0.789934,-1.26066,-74.9305,1,0.871596
Model 2,0.8,N = 2500,".33, .33, .33",C,0.7987690000000001,-0.15456,-71.17672,1,0.830518
Model 2,0.8,N = 2500,".33, .33, .33",D,0.8064110000000001,0.80372999999999994,-68.01918,1,0.818962
Model 2,0.8,N = 2500,".60, .30, .10",0.3,0.77932,-2.5876,-78.78563,1,0.89074
Model 2,0.8,N = 2500,".60, .30, .10",0.5,0.7805150000000001,-2.43815,-76.98442,1,0.8933300000000001
Model 2,0.8,N = 2500,".60, .30, .10",0.7,0.778379,-2.70515,-76.67336,1,0.8896660000000001
Model 2,0.8,N = 2500,".60, .30, .10",0.9,0.7832990000000001,-2.09007,-74.12891,1,0.887126
Model 2,0.8,N = 2500,".60, .30, .10",A,0.782069,-2.2438599999999997,-80.87114,1,0.890062
Model 2,0.8,N = 2500,".60, .30, .10",B,0.7901870000000001,-1.22911,-78.84146,1,0.873166
Model 2,0.8,N = 2500,".60, .30, .10",C,0.789763,-1.28216,-79.61328,1,0.850268
Model 2,0.8,N = 2500,".60, .30, .10",D,0.7942910000000001,-0.71604,-77.32751,1,0.850312
Model 2,0.8,N = 500,".10, .30, .60",0.3,0.7929780000000001,-0.8800399999999999,-5.4703800000000005,0.998402,0.908066
Model 2,0.8,N = 500,".10, .30, .60",0.5,0.80147,0.18439,-4.89994,0.998326,0.902648
Model 2,0.8,N = 500,".10, .30, .60",0.7,0.8085990000000001,1.07606,-9.84092,0.996828,0.885476
Model 2,0.8,N = 500,".10, .30, .60",0.9,0.824062,3.00527,-22.37379,0.998444,0.832364
Model 2,0.8,N = 500,".10, .30, .60",A,0.787402,-1.5772599999999999,-9.05119,1,0.898324
Model 2,0.8,N = 500,".10, .30, .60",B,0.8010440000000001,0.13108,-10.32536,1,0.903386
Model 2,0.8,N = 500,".10, .30, .60",C,0.8096530000000001,1.20748,-12.1458,1,0.880678
Model 2,0.8,N = 500,".10, .30, .60",D,0.8232849999999999,2.90807,-10.66605,1,0.8648939999999999
Model 2,0.8,N = 500,".33, .33, .33",0.3,0.7913060000000001,-1.08932,-40.49592,1,0.886972
Model 2,0.8,N = 500,".33, .33, .33",0.5,0.793035,-0.87297,-38.69077,1,0.902502
Model 2,0.8,N = 500,".33, .33, .33",0.7,0.793636,-0.79782,-46.47039,1,0.879842
Model 2,0.8,N = 500,".33, .33, .33",0.9,0.8085260000000001,1.06726,-48.0932,1,0.825768
Model 2,0.8,N = 500,".33, .33, .33",A,0.7960740000000001,-0.493,-27.87228,1,0.92106
Model 2,0.8,N = 500,".33, .33, .33",B,0.7989390000000001,-0.13316,-40.79307,1,0.885528
Model 2,0.8,N = 500,".33, .33, .33",C,0.806181,0.77483,-32.6675,1,0.894804
Model 2,0.8,N = 500,".33, .33, .33",D,0.805798,0.72661,-43.32479,1,0.859852
Model 2,0.8,N = 500,".60, .30, .10",0.3,0.7858970000000001,-1.7653299999999998,-47.77027,1,0.9176500000000001
Model 2,0.8,N = 500,".60, .30, .10",0.5,0.788467,-1.44406,-40.14061,1,0.916258
Model 2,0.8,N = 500,".60, .30, .10",0.7,0.781037,-2.37282,-47.81516,1,0.8894380000000001
Model 2,0.8,N = 500,".60, .30, .10",0.9,0.781493,-2.3157799999999997,-47.40339,1,0.8828320000000001
Model 2,0.8,N = 500,".60, .30, .10",A,0.788031,-1.4985199999999999,-53.35077,1,0.899962
Model 2,0.8,N = 500,".60, .30, .10",B,0.791315,-1.08806,-53.54992,1,0.897962
Model 2,0.8,N = 500,".60, .30, .10",C,0.797343,-0.33372,-49.90632,1,0.91127
Model 2,0.8,N = 500,".60, .30, .10",D,0.803224,0.40489000000000003,-41.85353,1,0.917498
Model 2,0.8,N = 5000,".10, .30, .60",0.3,0.7966620000000001,-0.41924,-52.18891,1,0.91276
Model 2,0.8,N = 5000,".10, .30, .60",0.5,0.7920010000000001,-1.00234,-68.07947,1,0.83462
Model 2,0.8,N = 5000,".10, .30, .60",0.7,0.808983,1.12412,-70.81413,1,0.70818
Model 2,0.8,N = 5000,".10, .30, .60",0.9,0.8483649999999999,6.04318,-69.80176,1,0.301968
Model 2,0.8,N = 5000,".10, .30, .60",A,0.798892,-0.13937,-47.699130000000004,1,0.91961
Model 2,0.8,N = 5000,".10, .30, .60",B,0.806166,0.77318,-57.93936,1,0.87832
Model 2,0.8,N = 5000,".10, .30, .60",C,0.8238629999999999,2.98033,-49.651,1,0.78527
Model 2,0.8,N = 5000,".10, .30, .60",D,0.834085,4.2583,-56.78134,1,0.634734
Model 2,0.8,N = 5000,".33, .33, .33",0.3,0.7886070000000001,-1.4264999999999999,-77.46576,1,0.9155960000000001
Model 2,0.8,N = 5000,".33, .33, .33",0.5,0.7881870000000001,-1.47912,-80.33142,1,0.865784
Model 2,0.8,N = 5000,".33, .33, .33",0.7,0.79605,-0.49579,-81.10581,1,0.75803
Model 2,0.8,N = 5000,".33, .33, .33",0.9,0.813067,1.63288,-81.19762,1,0.394276
Model 2,0.8,N = 5000,".33, .33, .33",A,0.7856190000000001,-1.80016,-79.94484,1,0.8958320000000001
Model 2,0.8,N = 5000,".33, .33, .33",B,0.791987,-1.00429,-79.90049,1,0.8570679999999999
Model 2,0.8,N = 5000,".33, .33, .33",C,0.80015,0.01873,-78.72274,1,0.794558
Model 2,0.8,N = 5000,".33, .33, .33",D,0.806073,0.76134,-77.31796,1,0.733244
Model 2,0.8,N = 5000,".60, .30, .10",0.3,0.780687,-2.41641,-85.65397,1,0.89209
Model 2,0.8,N = 5000,".60, .30, .10",0.5,0.786904,-1.63964,-78.41611,1,0.9043640000000001
Model 2,0.8,N = 5000,".60, .30, .10",0.7,0.7821910000000001,-2.2286,-81.71337,1,0.866044
Model 2,0.8,N = 5000,".60, .30, .10",0.9,0.7827040000000001,-2.16456,-81.82797,1,0.885474
Model 2,0.8,N = 5000,".60, .30, .10",A,0.7789510000000001,-2.63349,-87.40948,1,0.886674
Model 2,0.8,N = 5000,".60, .30, .10",B,0.787023,-1.62449,-86.18622,1,0.860252
Model 2,0.8,N = 5000,".60, .30, .10",C,0.780923,-2.38699,-88.49232,1,0.784912
Model 2,0.8,N = 5000,".60, .30, .10",D,0.790385,-1.20425,-86.59475,1,0.767848
Model 3,0.2,N = 1000,".10, .30, .60",0.3,0.26912600000000003,34.563,3.07481,0.702405,0.877036
Model 3,0.2,N = 1000,".10, .30, .60",0.5,0.32816500000000004,64.0825,2.10364,0.7887500000000001,0.759256
Model 3,0.2,N = 1000,".10, .30, .60",0.7,0.402582,101.291,4.55117,0.883936,0.50379
Model 3,0.2,N = 1000,".10, .30, .60",0.9,0.499265,149.6325,1.37915,0.9594579999999999,0.183436
Model 3,0.2,N = 1000,".10, .30, .60",A,0.291611,45.8055,3.8132,0.698353,0.835768
Model 3,0.2,N = 1000,".10, .30, .60",B,0.261723,30.8615,8.10983,0.587619,0.889116
Model 3,0.2,N = 1000,".10, .30, .60",C,0.277913,38.9565,8.31066,0.571947,0.8595579999999999
Model 3,0.2,N = 1000,".10, .30, .60",D,0.298803,49.4015,5.61156,0.5778909999999999,0.83829
Model 3,0.2,N = 1000,".33, .33, .33",0.3,0.242952,21.476,13.6824,0.970444,0.915714
Model 3,0.2,N = 1000,".33, .33, .33",0.5,0.278449,39.2245,12.76413,0.975606,0.7872600000000001
Model 3,0.2,N = 1000,".33, .33, .33",0.7,0.323337,61.6685,9.03834,0.977098,0.530728
Model 3,0.2,N = 1000,".33, .33, .33",0.9,0.377339,88.6695,7.24132,0.97024,0.318368
Model 3,0.2,N = 1000,".33, .33, .33",A,0.254613,27.3065,4.51729,0.9593079999999999,0.856386
Model 3,0.2,N = 1000,".33, .33, .33",B,0.233271,16.6355,8.01929,0.9718519999999999,0.933624
Model 3,0.2,N = 1000,".33, .33, .33",C,0.24226899999999998,21.1345,5.23195,0.941632,0.9219040000000001
Model 3,0.2,N = 1000,".33, .33, .33",D,0.250583,25.2915,-4.86265,0.9210440000000001,0.889524
Model 3,0.2,N = 1000,".60, .30, .10",0.3,0.224089,12.0445,6.11902,1,0.915026
Model 3,0.2,N = 1000,".60, .30, .10",0.5,0.245802,22.901,12.21782,1,0.80231
Model 3,0.2,N = 1000,".60, .30, .10",0.7,0.27527500000000005,37.6375,16.79357,1,0.59963
Model 3,0.2,N = 1000,".60, .30, .10",0.9,0.307244,53.622,16.22506,0.9922,0.380238
Model 3,0.2,N = 1000,".60, .30, .10",A,0.22459300000000001,12.2965,7.96136,1,0.91322
Model 3,0.2,N = 1000,".60, .30, .10",B,0.218501,9.2505,7.65982,1,0.9257420000000001
Model 3,0.2,N = 1000,".60, .30, .10",C,0.225434,12.717,8.40751,1,0.904084
Model 3,0.2,N = 1000,".60, .30, .10",D,0.227294,13.647,8.67267,0.997162,0.8936080000000001
Model 3,0.2,N = 2500,".10, .30, .60",0.3,0.251018,25.509,-1.81159,0.940882,0.87434
Model 3,0.2,N = 2500,".10, .30, .60",0.5,0.311754,55.877,0.33470999999999995,0.981022,0.623552
Model 3,0.2,N = 2500,".10, .30, .60",0.7,0.400304,100.152,2.25744,0.978738,0.299322
Model 3,0.2,N = 2500,".10, .30, .60",0.9,0.512707,156.3535,4.94219,0.99532,0.028098
Model 3,0.2,N = 2500,".10, .30, .60",A,0.280516,40.258,-0.24040000000000003,0.9594619999999999,0.755104
Model 3,0.2,N = 2500,".10, .30, .60",B,0.249206,24.603,-0.54188,0.9141,0.877794
Model 3,0.2,N = 2500,".10, .30, .60",C,0.271166,35.583,-2.25197,0.911598,0.815526
Model 3,0.2,N = 2500,".10, .30, .60",D,0.285908,42.954,-3.63188,0.8952330000000001,0.7929780000000001
Model 3,0.2,N = 2500,".33, .33, .33",0.3,0.234216,17.108,4.96946,1,0.87875
Model 3,0.2,N = 2500,".33, .33, .33",0.5,0.27117,35.585,-2.77222,1,0.632528
Model 3,0.2,N = 2500,".33, .33, .33",0.7,0.31941,59.705,3.29304,0.996914,0.30965
Model 3,0.2,N = 2500,".33, .33, .33",0.9,0.381315,90.6575,3.2595,0.998464,0.130084
Model 3,0.2,N = 2500,".33, .33, .33",A,0.249025,24.5125,2.4374,1,0.772316
Model 3,0.2,N = 2500,".33, .33, .33",B,0.224349,12.1745,10.12098,1,0.916432
Model 3,0.2,N = 2500,".33, .33, .33",C,0.233843,16.9215,9.68817,1,0.886792
Model 3,0.2,N = 2500,".33, .33, .33",D,0.23940799999999998,19.704,3.08711,1,0.870488
Model 3,0.2,N = 2500,".60, .30, .10",0.3,0.220102,10.051,5.6804,1,0.870754
Model 3,0.2,N = 2500,".60, .30, .10",0.5,0.243759,21.8795,2.09389,1,0.619324
Model 3,0.2,N = 2500,".60, .30, .10",0.7,0.272978,36.489,6.90752,1,0.279532
Model 3,0.2,N = 2500,".60, .30, .10",0.9,0.304219,52.1095,2.6172400000000002,1,0.101946
Model 3,0.2,N = 2500,".60, .30, .10",A,0.220899,10.4495,2.90568,1,0.889362
Model 3,0.2,N = 2500,".60, .30, .10",B,0.215776,7.888,7.765,1,0.917984
Model 3,0.2,N = 2500,".60, .30, .10",C,0.221455,10.7275,9.3477,1,0.881452
Model 3,0.2,N = 2500,".60, .30, .10",D,0.222896,11.448,12.52202,1,0.875822
Model 3,0.2,N = 500,".10, .30, .60",0.3,0.306763,53.3815,12.65257,0.520478,0.8370099999999999
Model 3,0.2,N = 500,".10, .30, .60",0.5,0.351245,75.6225,11.47433,0.630185,0.779942
Model 3,0.2,N = 500,".10, .30, .60",0.7,0.423185,111.5925,0.73381,0.779725,0.523346
Model 3,0.2,N = 500,".10, .30, .60",0.9,0.503705,151.8525,3.78188,0.9122560000000001,0.293392
Model 3,0.2,N = 500,".10, .30, .60",A,0.326225,63.1125,-0.60809,0.568877,0.782258
Model 3,0.2,N = 500,".10, .30, .60",B,0.287642,43.821,7.15897,0.452738,0.845762
Model 3,0.2,N = 500,".10, .30, .60",C,0.308801,54.4005,6.06616,0.461935,0.7899860000000001
Model 3,0.2,N = 500,".10, .30, .60",D,0.317434,58.717,10.17107,0.443806,0.785396
Model 3,0.2,N = 500,".33, .33, .33",0.3,0.251312,25.656,10.83716,0.793258,0.9059860000000001
Model 3,0.2,N = 500,".33, .33, .33",0.5,0.2857,42.85,8.18118,0.862774,0.82031
Model 3,0.2,N = 500,".33, .33, .33",0.7,0.334239,67.1195,4.11834,0.9146000000000001,0.626696
Model 3,0.2,N = 500,".33, .33, .33",0.9,0.377018,88.509,1.99139,0.948006,0.44091
Model 3,0.2,N = 500,".33, .33, .33",A,0.267888,33.944,17.90138,0.822452,0.879478
Model 3,0.2,N = 500,".33, .33, .33",B,0.24462,22.31,18.01891,0.777296,0.9309080000000001
Model 3,0.2,N = 500,".33, .33, .33",C,0.257917,28.9585,12.4116,0.769083,0.891582
Model 3,0.2,N = 500,".33, .33, .33",D,0.266716,33.358,-0.71493,0.730883,0.860074
Model 3,0.2,N = 500,".60, .30, .10",0.3,0.228449,14.2245,14.6926,0.963938,0.9286840000000001
Model 3,0.2,N = 500,".60, .30, .10",0.5,0.250899,25.4495,15.01243,0.9669019999999999,0.86679
Model 3,0.2,N = 500,".60, .30, .10",0.7,0.283184,41.592,17.02779,0.9702799999999999,0.7114579999999999
Model 3,0.2,N = 500,".60, .30, .10",0.9,0.311208,55.604,8.77603,0.974692,0.5155460000000001
Model 3,0.2,N = 500,".60, .30, .10",A,0.2313,15.65,14.25954,0.957002,0.935338
Model 3,0.2,N = 500,".60, .30, .10",B,0.22481700000000002,12.4085,12.44879,0.967406,0.919396
Model 3,0.2,N = 500,".60, .30, .10",C,0.232029,16.0145,13.16595,0.9609219999999999,0.912602
Model 3,0.2,N = 500,".60, .30, .10",D,0.23269900000000002,16.3495,14.10531,0.943527,0.913506
Model 3,0.2,N = 5000,".10, .30, .60",0.3,0.24631999999999998,23.16,-4.36578,0.9936,0.816576
Model 3,0.2,N = 5000,".10, .30, .60",0.5,0.306483,53.2415,-2.5672800000000002,1,0.483554
Model 3,0.2,N = 5000,".10, .30, .60",0.7,0.405613,102.8065,1.93925,0.998396,0.112278
Model 3,0.2,N = 5000,".10, .30, .60",0.9,0.519558,159.779,5.64591,1,0
Model 3,0.2,N = 5000,".10, .30, .60",A,0.280121,40.0605,-1.9911999999999999,1,0.632118
Model 3,0.2,N = 5000,".10, .30, .60",B,0.247333,23.6665,-1.8428,0.986824,0.8255979999999999
Model 3,0.2,N = 5000,".10, .30, .60",C,0.265635,32.8175,-1.74928,0.9893419999999999,0.762482
Model 3,0.2,N = 5000,".10, .30, .60",D,0.28296499999999997,41.4825,-1.16496,0.993508,0.68094
Model 3,0.2,N = 5000,".33, .33, .33",0.3,0.228503,14.2515,1.03464,1,0.834948
Model 3,0.2,N = 5000,".33, .33, .33",0.5,0.265482,32.741,-4.11462,1,0.454698
Model 3,0.2,N = 5000,".33, .33, .33",0.7,0.320108,60.054,-0.09328000000000004,1,0.095588
Model 3,0.2,N = 5000,".33, .33, .33",0.9,0.386206,93.103,0.7711600000000001,1,0.012482
Model 3,0.2,N = 5000,".33, .33, .33",A,0.243438,21.719,3.0784700000000003,1,0.65791
Model 3,0.2,N = 5000,".33, .33, .33",B,0.218894,9.447,4.05781,1,0.9144920000000001
Model 3,0.2,N = 5000,".33, .33, .33",C,0.225312,12.656,6.59052,1,0.870058
Model 3,0.2,N = 5000,".33, .33, .33",D,0.23039,15.195,5.84096,1,0.850888
Model 3,0.2,N = 5000,".60, .30, .10",0.3,0.217666,8.833,4.31276,1,0.858188
Model 3,0.2,N = 5000,".60, .30, .10",0.5,0.241858,20.929,5.97068,1,0.43502
Model 3,0.2,N = 5000,".60, .30, .10",0.7,0.270577,35.2885,9.16098,1,0.070508
Model 3,0.2,N = 5000,".60, .30, .10",0.9,0.304222,52.111,11.45368,1,0.001528
Model 3,0.2,N = 5000,".60, .30, .10",A,0.219897,9.9485,0.94228,1,0.819666
Model 3,0.2,N = 5000,".60, .30, .10",B,0.213455,6.7275,7.89787,1,0.8961480000000001
Model 3,0.2,N = 5000,".60, .30, .10",C,0.219216,9.608,5.4202699999999995,1,0.806152
Model 3,0.2,N = 5000,".60, .30, .10",D,0.220449,10.2245,9.67054,1,0.7954680000000001
Model 3,0.8,N = 1000,".10, .30, .60",0.3,0.791544,-1.05931,10.31931,0.9984,0.93857
Model 3,0.8,N = 1000,".10, .30, .60",0.5,0.785614,-1.80086,9.15575,0.998408,0.939916
Model 3,0.8,N = 1000,".10, .30, .60",0.7,0.7854530000000001,-1.82091,4.00611,1,0.938222
Model 3,0.8,N = 1000,".10, .30, .60",0.9,0.7869430000000001,-1.63461,8.89106,1,0.949426
Model 3,0.8,N = 1000,".10, .30, .60",A,0.773718,-3.2877,3.9483800000000002,1,0.9231320000000001
Model 3,0.8,N = 1000,".10, .30, .60",B,0.803559,0.44643,13.53628,1,0.92678
Model 3,0.8,N = 1000,".10, .30, .60",C,0.8165479999999999,2.06683,17.08763,1,0.932862
Model 3,0.8,N = 1000,".10, .30, .60",D,0.824117,3.0121700000000002,8.37033,1,0.91615
Model 3,0.8,N = 1000,".33, .33, .33",0.3,0.8069630000000001,0.87288,0.8519599999999999,1,0.9436399999999999
Model 3,0.8,N = 1000,".33, .33, .33",0.5,0.808181,1.025,2.27907,1,0.949324
Model 3,0.8,N = 1000,".33, .33, .33",0.7,0.812614,1.57601,-1.57786,1,0.92791
Model 3,0.8,N = 1000,".33, .33, .33",0.9,0.811903,1.48788,4.17554,1,0.9281900000000001
Model 3,0.8,N = 1000,".33, .33, .33",A,0.802821,0.3549,5.36356,1,0.946382
Model 3,0.8,N = 1000,".33, .33, .33",B,0.817978,2.24478,4.87249,1,0.9203760000000001
Model 3,0.8,N = 1000,".33, .33, .33",C,0.833944,4.24053,7.98072,1,0.898796
Model 3,0.8,N = 1000,".33, .33, .33",D,0.846776,5.84444,13.54865,1,0.846604
Model 3,0.8,N = 1000,".60, .30, .10",0.3,0.805281,0.66268,2.96375,1,0.941994
Model 3,0.8,N = 1000,".60, .30, .10",0.5,0.8104830000000001,1.31245,4.72922,1,0.9503199999999999
Model 3,0.8,N = 1000,".60, .30, .10",0.7,0.813072,1.63219,4.41521,1,0.918122
Model 3,0.8,N = 1000,".60, .30, .10",0.9,0.81585,1.97876,1.4883600000000001,1,0.90483
Model 3,0.8,N = 1000,".60, .30, .10",A,0.81154,1.44335,2.80349,1,0.930096
Model 3,0.8,N = 1000,".60, .30, .10",B,0.815604,1.9478900000000001,6.28593,1,0.9151440000000001
Model 3,0.8,N = 1000,".60, .30, .10",C,0.827635,3.45193,5.60501,1,0.8601719999999999
Model 3,0.8,N = 1000,".60, .30, .10",D,0.840658,5.07992,6.1676,1,0.8084
Model 3,0.8,N = 2500,".10, .30, .60",0.3,0.795651,-0.54591,3.99355,1,0.937974
Model 3,0.8,N = 2500,".10, .30, .60",0.5,0.787367,-1.5816299999999999,4.82894,1,0.934804
Model 3,0.8,N = 2500,".10, .30, .60",0.7,0.787684,-1.54213,5.19958,1,0.951734
Model 3,0.8,N = 2500,".10, .30, .60",0.9,0.7828160000000001,-2.1506499999999997,3.65145,1,0.9280240000000001
Model 3,0.8,N = 2500,".10, .30, .60",A,0.775848,-3.02153,4.15144,1,0.908316
Model 3,0.8,N = 2500,".10, .30, .60",B,0.815696,1.95992,7.22414,1,0.91954
Model 3,0.8,N = 2500,".10, .30, .60",C,0.829947,3.7409,5.65683,1,0.8925460000000001
Model 3,0.8,N = 2500,".10, .30, .60",D,0.8426669999999999,5.33084,9.13954,1,0.881604
Model 3,0.8,N = 2500,".33, .33, .33",0.3,0.804555,0.57192,0.9246200000000001,1,0.94162
Model 3,0.8,N = 2500,".33, .33, .33",0.5,0.808324,1.04302,1.51148,1,0.939432
Model 3,0.8,N = 2500,".33, .33, .33",0.7,0.8109510000000001,1.37066,-2.47542,1,0.922124
Model 3,0.8,N = 2500,".33, .33, .33",0.9,0.811293,1.4132799999999999,2.78049,1,0.9180940000000001
Model 3,0.8,N = 2500,".33, .33, .33",A,0.8017690000000001,0.22328,1.3759,1,0.959944
Model 3,0.8,N = 2500,".33, .33, .33",B,0.8176819999999999,2.20786,-0.3432,1,0.903752
Model 3,0.8,N = 2500,".33, .33, .33",C,0.833282,4.15782,3.02167,1,0.783516
Model 3,0.8,N = 2500,".33, .33, .33",D,0.849972,6.2438400000000005,6.30988,1,0.674658
Model 3,0.8,N = 2500,".60, .30, .10",0.3,0.804791,0.60145,0.39712000000000003,1,0.9490679999999999
Model 3,0.8,N = 2500,".60, .30, .10",0.5,0.8102330000000001,1.28159,4.18849,1,0.9067500000000001
Model 3,0.8,N = 2500,".60, .30, .10",0.7,0.8144539999999999,1.80427,-1.96879,1,0.8499099999999999
Model 3,0.8,N = 2500,".60, .30, .10",0.9,0.815461,1.92999,-1.17204,1,0.80881
Model 3,0.8,N = 2500,".60, .30, .10",A,0.8107460000000001,1.34574,-3.4529099999999997,1,0.8995
Model 3,0.8,N = 2500,".60, .30, .10",B,0.8146199999999999,1.82492,-2.0673,1,0.875834
Model 3,0.8,N = 2500,".60, .30, .10",C,0.82548,3.1825200000000002,-3.0641599999999998,1,0.7295079999999999
Model 3,0.8,N = 2500,".60, .30, .10",D,0.83695,4.61629,-2.05474,1,0.6046199999999999
Model 3,0.8,N = 500,".10, .30, .60",0.3,0.77844,-2.69759,20.24196,0.990736,0.920266
Model 3,0.8,N = 500,".10, .30, .60",0.5,0.780656,-2.42044,18.23863,0.996808,0.934766
Model 3,0.8,N = 500,".10, .30, .60",0.7,0.778607,-2.6765,17.90957,0.995274,0.93688
Model 3,0.8,N = 500,".10, .30, .60",0.9,0.786371,-1.70614,14.36139,0.996732,0.947244
Model 3,0.8,N = 500,".10, .30, .60",A,0.760156,-4.983,16.77417,0.992374,0.923856
Model 3,0.8,N = 500,".10, .30, .60",B,0.783881,-2.0173,16.91991,0.989014,0.935934
Model 3,0.8,N = 500,".10, .30, .60",C,0.789999,-1.25245,16.17402,0.990494,0.9347
Model 3,0.8,N = 500,".10, .30, .60",D,0.792871,-0.89317,18.13145,0.9805579999999999,0.930616
Model 3,0.8,N = 500,".33, .33, .33",0.3,0.8076690000000001,0.96078,8.10874,1,0.934268
Model 3,0.8,N = 500,".33, .33, .33",0.5,0.8084180000000001,1.05447,6.9633,1,0.94565
Model 3,0.8,N = 500,".33, .33, .33",0.7,0.810673,1.33526,1.72347,1,0.922914
Model 3,0.8,N = 500,".33, .33, .33",0.9,0.811061,1.38341,6.03908,1,0.9423279999999999
Model 3,0.8,N = 500,".33, .33, .33",A,0.802778,0.34912,10.26368,1,0.949058
Model 3,0.8,N = 500,".33, .33, .33",B,0.819387,2.42079,7.69916,1,0.9084960000000001
Model 3,0.8,N = 500,".33, .33, .33",C,0.831797,3.9721100000000003,10.6151,1,0.89569
Model 3,0.8,N = 500,".33, .33, .33",D,0.8391649999999999,4.89321,16.34036,1,0.890094
Model 3,0.8,N = 500,".60, .30, .10",0.3,0.809416,1.17918,9.89565,1,0.95289
Model 3,0.8,N = 500,".60, .30, .10",0.5,0.8135049999999999,1.6865700000000001,12.418239999999999,1,0.9483159999999999
Model 3,0.8,N = 500,".60, .30, .10",0.7,0.815919,1.98735,16.33129,0.998308,0.915938
Model 3,0.8,N = 500,".60, .30, .10",0.9,0.816691,2.08388,10.23704,1,0.925408
Model 3,0.8,N = 500,".60, .30, .10",A,0.815214,1.8993600000000002,8.98939,1,0.9363
Model 3,0.8,N = 500,".60, .30, .10",B,0.81931,2.4112,6.97502,1,0.926222
Model 3,0.8,N = 500,".60, .30, .10",C,0.832187,4.02102,11.55218,1,0.886478
Model 3,0.8,N = 500,".60, .30, .10",D,0.843827,5.4758000000000004,8.27529,1,0.850816
Model 3,0.8,N = 5000,".10, .30, .60",0.3,0.795377,-0.58046,-1.5857999999999999,1,0.942908
Model 3,0.8,N = 5000,".10, .30, .60",0.5,0.789871,-1.26865,-0.50871,1,0.953102
Model 3,0.8,N = 5000,".10, .30, .60",0.7,0.787065,-1.61945,-2.1604799999999997,1,0.917996
Model 3,0.8,N = 5000,".10, .30, .60",0.9,0.783555,-2.05806,-3.7478800000000003,1,0.882336
Model 3,0.8,N = 5000,".10, .30, .60",A,0.779328,-2.58642,-0.38552000000000003,1,0.898002
Model 3,0.8,N = 5000,".10, .30, .60",B,0.818977,2.3696,1.88455,1,0.91633
Model 3,0.8,N = 5000,".10, .30, .60",C,0.835849,4.4786,5.0995099999999995,1,0.872148
Model 3,0.8,N = 5000,".10, .30, .60",D,0.8488899999999999,6.10875,4.70869,1,0.808212
Model 3,0.8,N = 5000,".33, .33, .33",0.3,0.8042490000000001,0.53362,2.3541999999999996,1,0.949542
Model 3,0.8,N = 5000,".33, .33, .33",0.5,0.807798,0.97694,2.00272,1,0.9189280000000001
Model 3,0.8,N = 5000,".33, .33, .33",0.7,0.8123630000000001,1.54405,3.11653,1,0.883766
Model 3,0.8,N = 5000,".33, .33, .33",0.9,0.812612,1.57421,5.23583,1,0.87378
Model 3,0.8,N = 5000,".33, .33, .33",A,0.8012680000000001,0.16093,2.9736,1,0.9543699999999999
Model 3,0.8,N = 5000,".33, .33, .33",B,0.8157129999999999,1.96164,5.636229999999999,1,0.879732
Model 3,0.8,N = 5000,".33, .33, .33",C,0.83272,4.08754,6.22449,1,0.664102
Model 3,0.8,N = 5000,".33, .33, .33",D,0.850113,6.26169,7.06633,1,0.41847
Model 3,0.8,N = 5000,".60, .30, .10",0.3,0.804826,0.60627,1.64015,1,0.936018
Model 3,0.8,N = 5000,".60, .30, .10",0.5,0.8101550000000001,1.27141,-0.6891800000000001,1,0.857246
Model 3,0.8,N = 5000,".60, .30, .10",0.7,0.8142889999999999,1.7841,-5.11605,1,0.722776
Model 3,0.8,N = 5000,".60, .30, .10",0.9,0.8157009999999999,1.96066,-1.75248,1,0.691208
Model 3,0.8,N = 5000,".60, .30, .10",A,0.8104870000000001,1.31338,-1.88978,1,0.861982
Model 3,0.8,N = 5000,".60, .30, .10",B,0.8140189999999999,1.7504,-0.01513999999999995,1,0.793786
Model 3,0.8,N = 5000,".60, .30, .10",C,0.8256399999999999,3.20267,-1.2290199999999998,1,0.527226
Model 3,0.8,N = 5000,".60, .30, .10",D,0.835711,4.46148,-4.47436,1,0.321974
